rater,list,url,kind,llm_label,verdict
Rater 2,to_verify_sample,https://github.com/tigerduck-app/tigerduck-app-android/issues/64,trigger,drag_and_drop,drag_and_drop
Rater 2,to_verify_sample,https://github.com/Tanish-Ranjan/crop-kit/issues/5,trigger,drag_and_drop,drag_and_drop
Rater 2,to_verify_sample,https://github.com/stipop-development/stipop-android-sdk/issues/9,trigger,drag_and_drop,drag_and_drop
Rater 2,to_verify_sample,https://github.com/icerockdev/moko-units/issues/60,trigger,drag_and_drop,drag_and_drop
Rater 2,to_verify_sample,https://github.com/dzikoysk/presence-of-mind/issues/57,trigger,drag_and_drop,drag_and_drop
Rater 2,to_verify_sample,https://github.com/ashutoshgngwr/10-bitClockWidget/issues/24,trigger,drag_and_drop,quick_tap
Rater 2,to_verify_sample,https://github.com/quaap/LaunchTime/issues/19,trigger,drag_and_drop,drag_and_drop
Rater 2,to_verify_sample,https://github.com/HenriDellal/emerald/issues/49,trigger,drag_and_drop,swipe_region
Rater 2,to_verify_sample,https://github.com/Elnix90/Dragon-Launcher/issues/384,trigger,drag_and_drop,drag_and_drop
Rater 2,to_verify_sample,https://github.com/dofire/Floating-Bubble-View/issues/50,trigger,drag_and_drop,drag_and_drop
Rater 2,to_verify_sample,https://github.com/Dawncraft/Dawn-Desktop-Addons/issues/3,trigger,drag_and_drop,none
Rater 2,to_verify_sample,https://github.com/EmmanuelMess/Simple-Accounting/issues/42,trigger,drag_and_drop,drag_and_drop
Rater 2,to_verify_sample,https://github.com/SoltauFintel/blockpuzzle/issues/23,trigger,drag_and_drop,drag_and_drop
Rater 2,to_verify_sample,https://github.com/SoltauFintel/blockpuzzle/issues/17,trigger,drag_and_drop,drag_and_drop
Rater 2,to_verify_sample,https://github.com/Irineu333/NeoRegex/issues/77,trigger,drag_and_drop,drag_and_drop
Rater 2,to_verify_sample,https://github.com/jrpie/launcher/issues/251,trigger,drag_and_drop,unclear
Rater 2,to_verify_sample,https://github.com/mvmike/min-cal-widget/issues/201,trigger,drag_and_drop,drag_and_drop
Rater 2,to_verify_sample,https://github.com/0x4f53/Wristkey/issues/42,trigger,drag_and_drop,unclear
Rater 2,to_verify_sample,https://github.com/jordond/drag-select-compose/issues/113,trigger,drag_and_drop,drag_and_drop
Rater 2,to_verify_sample,https://github.com/jordond/drag-select-compose/issues/44,trigger,drag_and_drop,drag_and_drop
Rater 2,to_verify_sample,https://github.com/Crazy-Marvin/FucksGiven/issues/195,trigger,drag_and_drop,drag_and_drop
Rater 2,to_verify_sample,https://github.com/syanbo/react-native-syan-image-picker/issues/103,trigger,drag_and_drop,drag_and_drop
Rater 2,to_verify_sample,https://github.com/Yalantis/uCrop/issues/631,trigger,drag_and_drop,drag_and_drop
Rater 2,to_verify_sample,https://github.com/Yalantis/uCrop/issues/368,trigger,drag_and_drop,drag_and_drop
Rater 2,to_verify_sample,https://github.com/collinsmith/riiablo/issues/99,trigger,drag_and_drop,drag_and_drop
Rater 2,to_verify_sample,https://github.com/iknow4x/Android-Video-Trimmer/issues/39,trigger,drag_and_drop,drag_and_drop
Rater 2,to_verify_sample,https://github.com/yuyakaido/CardStackView/issues/36,trigger,drag_and_drop,drag_and_drop
Rater 2,to_verify_sample,https://github.com/VinylMusicPlayer/VinylMusicPlayer/issues/1272,trigger,drag_and_drop,quick_tap
Rater 2,to_verify_sample,https://github.com/hidroh/materialistic/issues/861,trigger,drag_and_drop,drag_and_drop
Rater 2,to_verify_sample,https://github.com/noties/Markwon/issues/41,trigger,drag_and_drop,drag_and_drop
Rater 2,to_verify_sample,https://github.com/Elnix90/Dragon-Launcher/issues/422,trigger,quick_tap,swipe
Rater 2,to_verify_sample,https://github.com/Anrimian/music-player/issues/81,trigger,quick_tap,quick_tap
Rater 2,to_verify_sample,https://github.com/cvzi/ScreenshotTile/issues/395,trigger,quick_tap,quick_tap
Rater 2,to_verify_sample,https://github.com/qpst4/XGesture/issues/11,trigger,quick_tap,quick_tap
Rater 2,to_verify_sample,https://github.com/bikram-agarwal/Remember/issues/81,trigger,quick_tap,quick_tap
Rater 2,to_verify_sample,https://github.com/bikram-agarwal/Remember/issues/77,trigger,quick_tap,quick_tap
Rater 2,to_verify_sample,https://github.com/armanmaurya/InternetRadio/issues/206,trigger,quick_tap,quick_tap
Rater 2,to_verify_sample,https://github.com/darkokoa/compose-datetime-wheel-picker/issues/112,trigger,quick_tap,picker_scroll
Rater 2,to_verify_sample,https://github.com/stoatchat/for-android/issues/17,trigger,quick_tap,quick_tap
Rater 2,to_verify_sample,https://github.com/Thor-Wayfinder/thor-wayfinder/issues/81,trigger,quick_tap,double_tap
Rater 2,to_verify_sample,https://github.com/X1nto/Mauth/issues/87,trigger,quick_tap,quick_tap
Rater 2,to_verify_sample,https://github.com/caarmen/poet-assistant/issues/134,trigger,quick_tap,scroll
Rater 2,to_verify_sample,https://github.com/mysteriumnetwork/mysterium-vpn-mobile/issues/404,trigger,quick_tap,quick_tap
Rater 2,to_verify_sample,https://github.com/jherkenhoff/qalculate-android/issues/64,trigger,quick_tap,quick_tap
Rater 2,to_verify_sample,https://github.com/r0adkll/DeckBox/issues/101,trigger,quick_tap,quick_tap
Rater 2,to_verify_sample,https://github.com/jenly1314/UltraSwipeRefresh/issues/21,trigger,quick_tap,swipe
Rater 2,to_verify_sample,https://github.com/Greenstand/treetracker-android/issues/1280,trigger,quick_tap,quick_tap
Rater 2,to_verify_sample,https://github.com/rubensousa/DpadRecyclerView/issues/153,trigger,quick_tap,unclear
Rater 2,to_verify_sample,https://github.com/j3soon/whisper-to-input/issues/27,trigger,quick_tap,quick_tap
Rater 2,to_verify_sample,https://github.com/xgouchet/Stanley/issues/5,trigger,quick_tap,quick_tap
Rater 2,to_verify_sample,https://github.com/Julow/Unexpected-Keyboard/issues/190,trigger,quick_tap,quick_tap
Rater 2,to_verify_sample,https://github.com/MewX/light-novel-library_Wenku8_Android/issues/76,trigger,quick_tap,quick_tap
Rater 2,to_verify_sample,https://github.com/vivchar/RendererRecyclerViewAdapter/issues/19,trigger,quick_tap,swipe
Rater 2,to_verify_sample,https://github.com/troyzhxu/okhttps/issues/59,trigger,quick_tap,quick_tap
Rater 2,to_verify_sample,https://github.com/collinsmith/riiablo/issues/113,trigger,quick_tap,quick_tap
Rater 2,to_verify_sample,https://github.com/scwang90/SmartRefreshLayout/issues/1112,trigger,quick_tap,swipe
Rater 2,to_verify_sample,https://github.com/miguelhincapie/CustomBottomSheetBehavior/issues/30,trigger,quick_tap,quick_tap
Rater 2,to_verify_sample,https://github.com/hoppjan/mensa-sh-android/issues/103,trigger,swipe_region,swipe_region
Rater 2,to_verify_sample,https://github.com/mueller-ma/TabletopTools/issues/284,trigger,swipe_region,swipe_region
Rater 2,to_verify_sample,https://github.com/Elnix90/Dragon-Launcher/issues/428,trigger,swipe_region,swipe_region
Rater 2,to_verify_sample,https://github.com/Anrimian/music-player/issues/123,trigger,swipe_region,swipe_region
Rater 2,to_verify_sample,https://github.com/forzzzzz/Calculator-You/issues/10,trigger,swipe_region,swipe_region
Rater 2,to_verify_sample,https://github.com/teccheck/FastLyrics/issues/23,trigger,swipe_region,swipe_region
Rater 2,to_verify_sample,https://github.com/MohamedRejeb/Compose-Interactive-Gamepad/issues/1,trigger,swipe_region,swipe_region
Rater 2,to_verify_sample,https://github.com/timusus/Shuttle2/issues/907,trigger,swipe_region,swipe_region
Rater 2,to_verify_sample,https://github.com/damontecres/StashAppAndroidTV/issues/763,trigger,swipe_region,swipe_region
Rater 2,to_verify_sample,https://github.com/FossifyOrg/Documents/issues/73,trigger,swipe_region,swipe_region
Rater 2,to_verify_sample,https://github.com/jrpie/launcher/issues/77,trigger,swipe_region,swipe_region
Rater 2,to_verify_sample,https://github.com/hxreborn/punch-hole-download-progress/issues/50,trigger,swipe_region,swipe_region
Rater 2,to_verify_sample,https://github.com/sureshfizzy/JellyCine/issues/46,trigger,swipe_region,quick_tap
Rater 2,to_verify_sample,https://github.com/REBEL-ROOT/omni-browser/issues/135,trigger,swipe_region,swipe_region
Rater 2,to_verify_sample,https://github.com/Chimahon/chimahon/issues/58,trigger,swipe_region,swipe_region
Rater 2,to_verify_sample,https://github.com/nanihadesuka/LazyColumnScrollbar/issues/38,trigger,swipe_region,swipe_region
Rater 2,to_verify_sample,https://github.com/icerockdev/moko-media/issues/48,trigger,swipe_region,swipe_region
Rater 2,to_verify_sample,https://github.com/LSafer/edgeseek/issues/8,trigger,swipe_region,swipe_region
Rater 2,to_verify_sample,https://github.com/LSafer/edgeseek/issues/20,trigger,swipe_region,swipe_region
Rater 2,to_verify_sample,https://github.com/jaxparrow07/launchpad-search/issues/16,trigger,swipe_region,swipe_region
Rater 2,to_verify_sample,https://github.com/firemaples/EverTranslator/issues/425,trigger,swipe_region,swipe_region
Rater 2,to_verify_sample,https://github.com/LawnchairLauncher/lawnchair/issues/7321,trigger,swipe_region,swipe_region
Rater 2,to_verify_sample,https://github.com/osudroid/osu-droid/issues/418,trigger,swipe_region,swipe_region
Rater 2,to_verify_sample,https://github.com/CellularPrivacy/Android-IMSI-Catcher-Detector/issues/900,trigger,swipe_region,swipe_region
Rater 2,to_verify_sample,https://github.com/material-components/material-components-android/issues/4978,trigger,swipe_region,swipe_region
Rater 2,to_verify_sample,https://github.com/alexvasilkov/GestureViews/issues/148,trigger,swipe_region,swipe_region
Rater 2,to_verify_sample,https://github.com/alexvasilkov/GestureViews/issues/26,trigger,swipe_region,swipe_region
Rater 2,to_verify_sample,https://github.com/MonwF/customiuizer/issues/535,trigger,swipe_region,swipe_region
Rater 2,to_verify_sample,https://github.com/slapperwan/gh4a/issues/782,trigger,swipe_region,swipe_region
Rater 2,to_verify_sample,https://github.com/VinylMusicPlayer/VinylMusicPlayer/issues/1271,trigger,swipe_region,swipe_region
Rater 2,to_verify_sample,https://github.com/czlucius/code-scanner/issues/26,trigger,pinch_zoom,pinch_zoom
Rater 2,to_verify_sample,https://github.com/hxreborn/punch-hole-download-progress/issues/102,trigger,pinch_zoom,pinch_zoom
Rater 2,to_verify_sample,https://github.com/JLindemann42/Atomic-Periodic-Table.Android/issues/30,trigger,pinch_zoom,pinch_zoom
Rater 2,to_verify_sample,https://github.com/screenlite/android-web-kiosk/issues/10,trigger,pinch_zoom,pinch_zoom
Rater 2,to_verify_sample,https://github.com/cgeo/cgeo/issues/15261,trigger,pinch_zoom,swipe_region
Rater 2,to_verify_sample,https://github.com/alexvasilkov/GestureViews/issues/128,trigger,pinch_zoom,pinch_zoom
Rater 2,to_verify_sample,https://github.com/VEINHORN/ScrollGalleryView/issues/46,trigger,pinch_zoom,pinch_zoom
Rater 2,to_verify_sample,https://github.com/NimaKhajehpour/MyMood/issues/41,trigger,picker_scroll,picker_scroll
Rater 2,to_verify_sample,https://github.com/mvmike/min-cal-widget/issues/58,trigger,picker_scroll,none
Rater 2,to_verify_sample,https://github.com/darkokoa/compose-datetime-wheel-picker/issues/106,trigger,picker_scroll,picker_scroll
Rater 2,to_verify_sample,https://github.com/darkokoa/compose-datetime-wheel-picker/issues/19,trigger,picker_scroll,picker_scroll
Rater 2,to_verify_sample,https://github.com/anselm94/Torchie-Android/issues/10,trigger,multi_touch,multi_touch
Rater 2,to_verify_sample,https://github.com/JonasBernard/FakeStandby/issues/89,trigger,multi_touch,multi_touch
Rater 2,to_verify_sample,https://github.com/JonasBernard/FakeStandby/issues/48,trigger,multi_touch,multi_touch
Rater 2,to_verify_sample,https://github.com/smite1921/enigma-machine/issues/17,trigger,scroll,scroll
Rater 2,to_verify_sample,https://github.com/Dan8Oren/MicLock/issues/26,trigger,scroll,scroll
Rater 2,to_verify_sample,https://github.com/elimu-ai/appstore/issues/131,trigger,scroll,scroll
Rater 2,to_verify_sample,https://github.com/elimu-ai/appstore/issues/108,trigger,scroll,scroll
Rater 2,to_verify_sample,https://github.com/SRGSSR/pillarbox-android/issues/1105,trigger,scroll,unclear
Rater 2,to_verify_sample,https://github.com/Inky-developer/FitnessCalendar/issues/12,trigger,scroll,scroll
Rater 2,to_verify_sample,https://github.com/bunoriapp/bunori/issues/35,trigger,scroll,scroll
Rater 2,to_verify_sample,https://github.com/gaiuszzang/GroovinCollapsingToolBar/issues/1,trigger,scroll,scroll
Rater 2,to_verify_sample,https://github.com/ellenhp/cardinal/issues/82,trigger,scroll,scroll
Rater 2,to_verify_sample,https://github.com/stefan-niedermann/nextcloud-tables/issues/272,trigger,scroll,scroll
Rater 2,to_verify_sample,https://github.com/stefan-niedermann/nextcloud-tables/issues/182,trigger,scroll,scroll
Rater 2,to_verify_sample,https://github.com/SysAdminDoc/HushGram/issues/52,trigger,scroll,scroll
Rater 2,to_verify_sample,https://github.com/HnDK0/NoveLA/issues/182,trigger,scroll,scroll
Rater 2,to_verify_sample,https://github.com/Anrimian/music-player/issues/267,trigger,scroll,scroll
Rater 2,to_verify_sample,https://github.com/aunchagaonkar/NetworkSwitch/issues/22,trigger,scroll,quick_tap
Rater 2,to_verify_sample,https://github.com/LiveFastEatTrashRaccoon/RaccoonForLemmy/issues/544,trigger,scroll,scroll
Rater 2,to_verify_sample,https://github.com/LiveFastEatTrashRaccoon/RaccoonForLemmy/issues/358,trigger,scroll,scroll
Rater 2,to_verify_sample,https://github.com/cliuff/boundo/issues/18,trigger,scroll,scroll
Rater 2,to_verify_sample,https://github.com/SapuSeven/BetterUntis/issues/482,trigger,scroll,scroll
Rater 2,to_verify_sample,https://github.com/Efimj/Shkiper/issues/10,trigger,scroll,scroll
Rater 2,to_verify_sample,https://github.com/nanihadesuka/NovelDokusha/issues/132,trigger,scroll,scroll
Rater 2,to_verify_sample,https://github.com/Hy4ri/hermes-mobile/issues/1322,trigger,scroll,scroll
Rater 2,to_verify_sample,https://github.com/steve1316/uma-android-automation/issues/354,trigger,scroll,scroll
Rater 2,to_verify_sample,https://github.com/heypandax/pairlet/issues/390,trigger,scroll,scroll
Rater 2,to_verify_sample,https://github.com/sk2andy/candy-browser/issues/265,trigger,scroll,scroll
Rater 2,to_verify_sample,https://github.com/sk2andy/candy-browser/issues/271,trigger,scroll,scroll
Rater 2,to_verify_sample,https://github.com/sk2andy/candy-browser/issues/275,trigger,scroll,scroll
Rater 2,to_verify_sample,https://github.com/qpst4/XGesture/issues/12,trigger,scroll,scroll
Rater 2,to_verify_sample,https://github.com/mlm-games/flicky/issues/28,trigger,scroll,scroll
Rater 2,to_verify_sample,https://github.com/fcmfcm1999/EdgeX/issues/56,trigger,scroll,scroll
Rater 2,to_verify_sample,https://github.com/Arian04/android-hid-client/issues/91,trigger,scroll,scroll
Rater 2,to_verify_sample,https://github.com/siper/Youamp/issues/410,trigger,scroll,scroll
Rater 2,to_verify_sample,https://github.com/Drumber/Kitsune/issues/74,trigger,scroll,scroll
Rater 2,to_verify_sample,https://github.com/LottieFiles/dotlottie-android/issues/45,trigger,scroll,scroll
Rater 2,to_verify_sample,https://github.com/JLindemann42/Atomic-Periodic-Table.Android/issues/20,trigger,scroll,scroll
Rater 2,to_verify_sample,https://github.com/r0adkll/DeckBox/issues/102,trigger,scroll,scroll
Rater 2,to_verify_sample,https://github.com/wthee/pcr-tool/issues/130,trigger,scroll,scroll
Rater 2,to_verify_sample,https://github.com/mori-atsushi/katalog/issues/19,trigger,scroll,scroll
Rater 2,to_verify_sample,https://github.com/hax0r31337/ProtoHax-Android/issues/48,trigger,scroll,scroll
Rater 2,to_verify_sample,https://github.com/rubensousa/DpadRecyclerView/issues/171,trigger,scroll,scroll
Rater 2,to_verify_sample,https://github.com/rubensousa/DpadRecyclerView/issues/160,trigger,scroll,scroll
Rater 2,to_verify_sample,https://github.com/maltaisn/another-notes-app/issues/105,trigger,scroll,scroll
Rater 2,to_verify_sample,https://github.com/mzlogin/guanggoo-android/issues/41,trigger,scroll,swipe
Rater 2,to_verify_sample,https://github.com/vatsalkesarwani12/Heal-O-Chat/issues/49,trigger,scroll,scroll
Rater 2,to_verify_sample,https://github.com/codenameone/CodenameOne/issues/5602,trigger,scroll,scroll
Rater 2,to_verify_sample,https://github.com/eddyizm/tempus/issues/1168,trigger,scroll,scroll
Rater 2,to_verify_sample,https://github.com/deltachat/deltachat-android/issues/4732,trigger,scroll,scroll
Rater 2,to_verify_sample,https://github.com/cgeo/cgeo/issues/18653,trigger,scroll,scroll
Rater 2,to_verify_sample,https://github.com/maxwai/NClientV3/issues/164,trigger,scroll,scroll
Rater 2,to_verify_sample,https://github.com/Rosemoe/sora-editor/issues/880,trigger,scroll,scroll
Rater 2,to_verify_sample,https://github.com/AdguardTeam/ContentBlocker/issues/208,trigger,scroll,scroll
Rater 2,to_verify_sample,https://github.com/hardcore-sushi/DroidFS/issues/416,trigger,scroll,scroll
Rater 2,to_verify_sample,https://github.com/jean-voila/FeurStagram/issues/123,trigger,scroll,scroll
Rater 2,to_verify_sample,https://github.com/jean-voila/FeurStagram/issues/128,trigger,scroll,scroll
Rater 2,to_verify_sample,https://github.com/deltazefiro/Amarok-Hider/issues/270,trigger,scroll,scroll
Rater 2,to_verify_sample,https://github.com/davideas/FlexibleAdapter/issues/621,trigger,scroll,scroll
Rater 2,to_verify_sample,https://github.com/davideas/FlexibleAdapter/issues/605,trigger,scroll,scroll
Rater 2,to_verify_sample,https://github.com/rubensousa/GravitySnapHelper/issues/49,trigger,scroll,scroll
Rater 2,to_verify_sample,https://github.com/rubensousa/GravitySnapHelper/issues/40,trigger,scroll,scroll
Rater 2,to_verify_sample,https://github.com/cymcsg/UltimateRecyclerView/issues/466,trigger,scroll,scroll
Rater 2,to_verify_sample,https://github.com/vivchar/RendererRecyclerViewAdapter/issues/15,trigger,scroll,scroll
Rater 2,to_verify_sample,https://github.com/a7medev/react-native-ml-kit/issues/45,trigger,scroll,scroll
Rater 2,to_verify_sample,https://github.com/Yalantis/uCrop/issues/255,trigger,scroll,scroll
Rater 2,to_verify_sample,https://github.com/xuexiangjys/XUI/issues/123,trigger,scroll,scroll
Rater 2,to_verify_sample,https://github.com/miguelhincapie/CustomBottomSheetBehavior/issues/50,trigger,scroll,scroll
Rater 2,to_verify_sample,https://github.com/miguelhincapie/CustomBottomSheetBehavior/issues/68,trigger,scroll,swipe
Rater 2,to_verify_sample,https://github.com/yarolegovich/DiscreteScrollView/issues/159,trigger,scroll,scroll
Rater 2,to_verify_sample,https://github.com/VinylMusicPlayer/VinylMusicPlayer/issues/1265,trigger,scroll,scroll
Rater 2,to_verify_sample,https://github.com/VinylMusicPlayer/VinylMusicPlayer/issues/1260,trigger,scroll,scroll
Rater 2,to_verify_sample,https://github.com/hidroh/materialistic/issues/736,trigger,scroll,scroll
Rater 2,to_verify_sample,https://github.com/kaaass/ZerotierFix/issues/10,trigger,scroll,swipe
Rater 2,to_verify_sample,https://github.com/SundeepK/CompactCalendarView/issues/82,trigger,scroll,scroll
Rater 2,to_verify_sample,https://github.com/noties/Scrollable/issues/59,trigger,scroll,scroll
Rater 2,to_verify_sample,https://github.com/noties/Scrollable/issues/35,trigger,scroll,scroll
Rater 2,to_verify_sample,https://github.com/figonzal1/LastQuakeChile/issues/51,trigger,scroll,scroll
Rater 2,to_verify_sample,https://github.com/cuore-mm/Slevo/issues/255,trigger,scroll,scroll
Rater 2,to_verify_sample,https://github.com/cuore-mm/Slevo/issues/458,trigger,scroll,scroll
Rater 2,to_verify_sample,https://github.com/blinder-23/blindar-android/issues/23,trigger,scroll,unclear
Rater 2,to_verify_sample,https://github.com/goldy1992/Mp3Player/issues/108,trigger,swipe,swipe
Rater 2,to_verify_sample,https://github.com/ltguillaume/droidshows/issues/107,trigger,swipe,swipe
Rater 2,to_verify_sample,https://github.com/Elnix90/Dragon-Launcher/issues/455,trigger,swipe,swipe
Rater 2,to_verify_sample,https://github.com/EmmaTellblom/Mensinator/issues/183,trigger,swipe,unclear
Rater 2,to_verify_sample,https://github.com/Markel15/FlowState/issues/24,trigger,swipe,swipe
Rater 2,to_verify_sample,https://github.com/LanRhyme/ReveriePaint/issues/35,trigger,swipe,swipe
Rater 2,to_verify_sample,https://github.com/dhilipmpms/NovaDial/issues/84,trigger,swipe,swipe_region
Rater 2,to_verify_sample,https://github.com/warting/android-signaturepad/issues/208,trigger,swipe,swipe
Rater 2,to_verify_sample,https://github.com/hxreborn/punch-hole-download-progress/issues/51,trigger,swipe,swipe_region
Rater 2,to_verify_sample,https://github.com/stoatchat/for-android/issues/21,trigger,swipe,swipe
Rater 2,to_verify_sample,https://github.com/soupslurpr/BeauTyXT/issues/47,trigger,swipe,swipe
Rater 2,to_verify_sample,https://github.com/jenly1314/UltraSwipeRefresh/issues/8,trigger,swipe,swipe
Rater 2,to_verify_sample,https://github.com/ThomasGaubert/zephyr/issues/62,trigger,swipe,swipe
Rater 2,to_verify_sample,https://github.com/androidx/media/issues/3445,trigger,swipe,swipe
Rater 2,to_verify_sample,https://github.com/AnySoftKeyboard/AnySoftKeyboard/issues/3405,trigger,swipe,swipe
Rater 2,to_verify_sample,https://github.com/Etar-Group/Etar-Calendar/issues/353,trigger,swipe,swipe
Rater 2,to_verify_sample,https://github.com/ukanth/afwall/issues/1451,trigger,swipe,swipe
Rater 2,to_verify_sample,https://github.com/BlackyHawky/Clock/issues/729,trigger,swipe,swipe
Rater 2,to_verify_sample,https://github.com/ReSo7200/InstaEclipse/issues/211,trigger,swipe,swipe
Rater 2,to_verify_sample,https://github.com/react-native-share/react-native-share/issues/1747,trigger,swipe,swipe
Rater 2,to_verify_sample,https://github.com/JonasBernard/FakeStandby/issues/86,trigger,swipe,swipe
Rater 2,to_verify_sample,https://github.com/alexvasilkov/GestureViews/issues/115,trigger,swipe,swipe
Rater 2,to_verify_sample,https://github.com/cymcsg/UltimateRecyclerView/issues/147,trigger,swipe,swipe
Rater 2,to_verify_sample,https://github.com/yuyakaido/CardStackView/issues/114,trigger,swipe,swipe
Rater 2,to_verify_sample,https://github.com/yuyakaido/CardStackView/issues/228,trigger,swipe,swipe
Rater 2,to_verify_sample,https://github.com/Devlight/NavigationTabBar/issues/24,trigger,swipe,swipe
Rater 2,to_verify_sample,https://github.com/soumikshah/Plutus-InvestmentTracker/issues/25,trigger,long_press,unclear
Rater 2,to_verify_sample,https://github.com/Funput/Funput/issues/516,trigger,long_press,long_press
Rater 2,to_verify_sample,https://github.com/SysAdminDoc/SwiftFloris/issues/24,trigger,long_press,long_press
Rater 2,to_verify_sample,https://github.com/PnX-SI/gn_mobile_occtax/issues/315,trigger,long_press,long_press
Rater 2,to_verify_sample,https://github.com/VishnuSanal/Quotes/issues/5,trigger,long_press,long_press
Rater 2,to_verify_sample,https://github.com/Elnix90/Dragon-Launcher/issues/442,trigger,long_press,long_press
Rater 2,to_verify_sample,https://github.com/Hamza417/Felicity/issues/158,trigger,long_press,long_press
Rater 2,to_verify_sample,https://github.com/yuga-hashimoto/openclaw-assistant/issues/165,trigger,long_press,long_press
Rater 2,to_verify_sample,https://github.com/FredHappyface/Android.EweSticker/issues/76,trigger,long_press,long_press
Rater 2,to_verify_sample,https://github.com/wasi-master/wmkeyboard/issues/551,trigger,long_press,long_press
Rater 2,to_verify_sample,https://github.com/ahmmedrejowan/PdfReaderPro/issues/65,trigger,long_press,long_press
Rater 2,to_verify_sample,https://github.com/inventory69/simple-notes-sync/issues/154,trigger,long_press,long_press
Rater 2,to_verify_sample,https://github.com/jrpie/launcher/issues/280,trigger,long_press,long_press
Rater 2,to_verify_sample,https://github.com/caarmen/poet-assistant/issues/78,trigger,long_press,long_press
Rater 2,to_verify_sample,https://github.com/crowdin/mobile-sdk-android/issues/220,trigger,long_press,long_press
Rater 2,to_verify_sample,https://github.com/PVOT-OSS/Messages/issues/112,trigger,long_press,long_press
Rater 2,to_verify_sample,https://github.com/ivaniskandar/shouko/issues/41,trigger,long_press,long_press
Rater 2,to_verify_sample,https://github.com/ichenhe/wear-gallery/issues/4,trigger,long_press,long_press
Rater 2,to_verify_sample,https://github.com/pkmetski/riffle/issues/428,trigger,long_press,long_press
Rater 2,to_verify_sample,https://github.com/flutter-package/flutter_scan/issues/50,trigger,long_press,long_press
Rater 2,to_verify_sample,https://github.com/AnySoftKeyboard/AnySoftKeyboard/issues/2440,trigger,long_press,long_press
Rater 2,to_verify_sample,https://github.com/LawnchairLauncher/lawnchair/issues/7356,trigger,long_press,long_press
Rater 2,to_verify_sample,https://github.com/yuliskov/SmartTube/issues/6294,trigger,long_press,long_press
Rater 2,to_verify_sample,https://github.com/cgeo/cgeo/issues/18437,trigger,long_press,long_press
Rater 2,to_verify_sample,https://github.com/qwq233/Nullgram/issues/342,trigger,long_press,long_press
Rater 2,to_verify_sample,https://github.com/fm-sys/pairdrop-android/issues/431,trigger,long_press,long_press
Rater 2,to_verify_sample,https://github.com/jean-voila/FeurStagram/issues/99,trigger,long_press,long_press
Rater 2,to_verify_sample,https://github.com/patzly/grocy-android/issues/913,trigger,long_press,long_press
Rater 2,to_verify_sample,https://github.com/davideas/FlexibleAdapter/issues/676,trigger,long_press,long_press
Rater 2,to_verify_sample,https://github.com/mkulesh/microMathematics/issues/150,trigger,long_press,long_press
Rater 2,to_verify_sample,https://github.com/mpiannucci/react-native-context-menu-view/issues/24,trigger,long_press,long_press
Rater 2,to_verify_sample,https://github.com/martinmimigames/little-file-explorer/issues/65,trigger,long_press,long_press
Rater 2,to_verify_sample,https://github.com/VinylMusicPlayer/VinylMusicPlayer/issues/1231,trigger,long_press,long_press
Rater 2,to_verify_sample,https://github.com/dergigi/boris-android/issues/266,trigger,long_press,drag_and_drop
Rater 2,to_verify_sample,https://github.com/Elnix90/Dragon-Launcher/issues/452,trigger,double_tap,double_tap
Rater 2,to_verify_sample,https://github.com/LanRhyme/ReveriePaint/issues/58,trigger,double_tap,double_tap
Rater 2,to_verify_sample,https://github.com/rama-io/mako/issues/142,trigger,double_tap,double_tap
Rater 2,to_verify_sample,https://github.com/EdricChan03/studybuddy-android/issues/737,trigger,orientation,orientation
Rater 2,to_verify_sample,https://github.com/engindearing-projects/OmniTAK-Android/issues/272,trigger,orientation,orientation
Rater 2,to_verify_sample,https://github.com/engindearing-projects/OmniTAK-Android/issues/207,trigger,orientation,orientation
Rater 2,to_verify_sample,https://github.com/thecosmicfrog/LuasataGlance/issues/6,trigger,orientation,orientation
Rater 2,to_verify_sample,https://github.com/elimu-ai/appstore/issues/121,trigger,orientation,orientation
Rater 2,to_verify_sample,https://github.com/PnX-SI/gn_mobile_occtax/issues/278,trigger,orientation,orientation
Rater 2,to_verify_sample,https://github.com/joh9911/Transpose/issues/12,trigger,orientation,orientation
Rater 2,to_verify_sample,https://github.com/chickendude/Natibo/issues/9,trigger,orientation,orientation
Rater 2,to_verify_sample,https://github.com/Zeronfinity/CPfy/issues/83,trigger,orientation,orientation
Rater 2,to_verify_sample,https://github.com/Zeronfinity/CPfy/issues/77,trigger,orientation,orientation
Rater 2,to_verify_sample,https://github.com/czlucius/code-scanner/issues/34,trigger,orientation,orientation
Rater 2,to_verify_sample,https://github.com/ct7ct7ct7/Android-VimeoPlayer/issues/7,trigger,orientation,orientation
Rater 2,to_verify_sample,https://github.com/gentlecat/counter/issues/43,trigger,orientation,orientation
Rater 2,to_verify_sample,https://github.com/pilot51/voicenotify/issues/172,trigger,orientation,unclear
Rater 2,to_verify_sample,https://github.com/seaglade/Sobriety/issues/35,trigger,orientation,orientation
Rater 2,to_verify_sample,https://github.com/jphp-group/jphp-android/issues/1,trigger,orientation,orientation
Rater 2,to_verify_sample,https://github.com/r0adkll/Campfire/issues/1133,trigger,orientation,orientation
Rater 2,to_verify_sample,https://github.com/sk2andy/candy-browser/issues/235,trigger,orientation,orientation
Rater 2,to_verify_sample,https://github.com/ahmmedrejowan/PdfReaderPro/issues/73,trigger,orientation,orientation
Rater 2,to_verify_sample,https://github.com/enteraname74/SoulSearching/issues/15,trigger,orientation,orientation
Rater 2,to_verify_sample,https://github.com/pacien/tincapp/issues/118,trigger,orientation,orientation
Rater 2,to_verify_sample,https://github.com/sreichholf/dreamDroid/issues/113,trigger,orientation,orientation
Rater 2,to_verify_sample,https://github.com/timbru31/cordova-plugin-lottie-splashscreen/issues/4,trigger,orientation,orientation
Rater 2,to_verify_sample,https://github.com/acristescu/OnlineGo/issues/131,trigger,orientation,orientation
Rater 2,to_verify_sample,https://github.com/jrpie/launcher/issues/201,trigger,orientation,orientation
Rater 2,to_verify_sample,https://github.com/cvzi/darkmodewallpaper/issues/65,trigger,orientation,orientation
Rater 2,to_verify_sample,https://github.com/vrcm-team/VRCM/issues/58,trigger,orientation,orientation
Rater 2,to_verify_sample,https://github.com/sfortis/massdroid_native/issues/39,trigger,orientation,orientation
Rater 2,to_verify_sample,https://github.com/caarmen/poet-assistant/issues/136,trigger,orientation,orientation
Rater 2,to_verify_sample,https://github.com/d4rken-org/airplanes-live-app/issues/121,trigger,orientation,none
Rater 2,to_verify_sample,https://github.com/Manabu-GT/DebugOverlay-Android/issues/257,trigger,orientation,orientation
Rater 2,to_verify_sample,https://github.com/MobileFirstLLC/irregular-expressions/issues/89,trigger,orientation,orientation
Rater 2,to_verify_sample,https://github.com/GustavoASantos/Noti/issues/10,trigger,orientation,orientation
Rater 2,to_verify_sample,https://github.com/metabrainz/listenbrainz-android/issues/740,trigger,orientation,quick_tap
Rater 2,to_verify_sample,https://github.com/nanihadesuka/LazyColumnScrollbar/issues/42,trigger,orientation,orientation
Rater 2,to_verify_sample,https://github.com/AndraxDev/speak-gpt/issues/116,trigger,orientation,orientation
Rater 2,to_verify_sample,https://github.com/Adventech/sabbath-school-android/issues/245,trigger,orientation,orientation
Rater 2,to_verify_sample,https://github.com/Adventech/sabbath-school-android/issues/177,trigger,orientation,orientation
Rater 2,to_verify_sample,https://github.com/wbrawner/SimpleMarkdown/issues/159,trigger,orientation,orientation
Rater 2,to_verify_sample,https://github.com/Hamza417/Positional/issues/4,trigger,orientation,none
Rater 2,to_verify_sample,https://github.com/subchannel13/EnchantedFortress/issues/50,trigger,orientation,quick_tap
Rater 2,to_verify_sample,https://github.com/chat21/chat21-android-demo/issues/12,trigger,orientation,orientation
Rater 2,to_verify_sample,https://github.com/markmcavoy/androidtoken/issues/21,trigger,orientation,orientation
Rater 2,to_verify_sample,https://github.com/TrackerControl/tracker-control-android/issues/781,trigger,orientation,orientation
Rater 2,to_verify_sample,https://github.com/CatimaLoyalty/Android/issues/3038,trigger,orientation,orientation
Rater 2,to_verify_sample,https://github.com/ionic-team/capacitor-plugins/issues/1446,trigger,orientation,orientation
Rater 2,to_verify_sample,https://github.com/Dimezis/BlurView/issues/17,trigger,orientation,unclear
Rater 2,to_verify_sample,https://github.com/fm-sys/pairdrop-android/issues/435,trigger,orientation,orientation
Rater 2,to_verify_sample,https://github.com/fr3ts0n/AndrOBD/issues/88,trigger,orientation,orientation
Rater 2,to_verify_sample,https://github.com/apache/cordova-plugin-inappbrowser/issues/322,trigger,orientation,orientation
Rater 2,to_verify_sample,https://github.com/jcarolus/android-chess/issues/10,trigger,orientation,orientation
Rater 2,to_verify_sample,https://github.com/hardcore-sushi/DroidFS/issues/431,trigger,orientation,orientation
Rater 2,to_verify_sample,https://github.com/JonasBernard/FakeStandby/issues/30,trigger,orientation,orientation
Rater 2,to_verify_sample,https://github.com/getActivity/Toaster/issues/142,trigger,orientation,orientation
Rater 2,to_verify_sample,https://github.com/Tencent/Shadow/issues/1384,trigger,orientation,orientation
Rater 2,to_verify_sample,https://github.com/VEINHORN/ScrollGalleryView/issues/29,trigger,orientation,orientation
Rater 2,to_verify_sample,https://github.com/pwittchen/ReactiveNetwork/issues/87,trigger,orientation,orientation
Rater 2,to_verify_sample,https://github.com/bttv-android/bttv/issues/720,trigger,orientation,orientation
Rater 2,to_verify_sample,https://github.com/Devlight/NavigationTabBar/issues/8,trigger,orientation,orientation
Rater 2,to_verify_sample,https://github.com/leinardi/FloatingActionButtonSpeedDial/issues/139,trigger,orientation,orientation
Rater 2,to_verify_sample,https://github.com/michael-rapp/ChromeLikeTabSwitcher/issues/3,trigger,orientation,orientation
Rater 2,to_verify_sample,https://github.com/kb-1000/android-torchlight/issues/11,trigger,orientation,orientation
Rater 2,to_verify_sample,https://github.com/ThothDroid/Egyptian_Writer/issues/2,trigger,orientation,orientation
Rater 2,to_verify_sample,https://github.com/blackboxembedded/WunderLINQ-Android/issues/229,trigger,orientation,orientation
Rater 2,to_verify_sample,https://github.com/synyx/MeeRoo/issues/35,trigger,orientation,orientation
Rater 2,to_verify_sample,https://github.com/ByteSculptor07/QuilloNotes/issues/24,trigger,orientation,orientation
Rater 2,to_verify_sample_none100,https://github.com/X1nto/Mauth/issues/51,trigger,none,none
Rater 2,to_verify_sample_none100,https://github.com/cymcsg/UltimateRecyclerView/issues/129,trigger,none,quick_tap
Rater 2,to_verify_sample_none100,https://github.com/EmmaTellblom/Mensinator/issues/276,trigger,none,none
Rater 2,to_verify_sample_none100,https://github.com/appwrite/sdk-for-android/issues/60,trigger,none,none
Rater 2,to_verify_sample_none100,https://github.com/proyecto26/react-native-inappbrowser/issues/96,trigger,none,none
Rater 2,to_verify_sample_none100,https://github.com/react-native-webrtc/react-native-callkeep/issues/152,trigger,none,none
Rater 2,to_verify_sample_none100,https://github.com/tribixbite/CleverKeys/issues/188,trigger,none,quick_tap
Rater 2,to_verify_sample_none100,https://github.com/naver/nam-sdk-android/issues/15,trigger,none,none
Rater 2,to_verify_sample_none100,https://github.com/yellowbluesky/PixivforMuzei3/issues/157,trigger,none,quick_tap
Rater 2,to_verify_sample_none100,https://github.com/Hamza417/Felicity/issues/55,trigger,none,quick_tap
Rater 2,to_verify_sample_none100,https://github.com/anlaki-py/akihz/issues/11,trigger,none,none
Rater 2,to_verify_sample_none100,https://github.com/LanRhyme/ReveriePaint/issues/47,trigger,none,quick_tap
Rater 2,to_verify_sample_none100,https://github.com/koral--/android-gif-drawable/issues/600,trigger,none,none
Rater 2,to_verify_sample_none100,https://github.com/moneytoo/Player/issues/571,trigger,none,quick_tap
Rater 2,to_verify_sample_none100,https://github.com/yuyakaido/CardStackView/issues/214,trigger,none,none
Rater 2,to_verify_sample_none100,https://github.com/Hamza417/Felicity/issues/90,trigger,none,unclear
Rater 2,to_verify_sample_none100,https://github.com/HenriDellal/emerald/issues/66,trigger,none,quick_tap
Rater 2,to_verify_sample_none100,https://github.com/jenly1314/UltraSwipeRefresh/issues/4,trigger,none,none
Rater 2,to_verify_sample_none100,https://github.com/AetherMagee/MaterialXray/issues/18,trigger,none,quick_tap
Rater 2,to_verify_sample_none100,https://github.com/robolectric/robolectric/issues/2791,trigger,none,none
Rater 2,to_verify_sample_none100,https://github.com/Shipr-Hub/Shipr-Community-Android/issues/34,trigger,none,none
Rater 2,to_verify_sample_none100,https://github.com/vishaltelangre/NerdCalci/issues/186,trigger,none,quick_tap
Rater 2,to_verify_sample_none100,https://github.com/Kalbra/NoReel/issues/23,trigger,none,none
Rater 2,to_verify_sample_none100,https://github.com/mh-/corona-warn-companion-android/issues/131,trigger,none,quick_tap
Rater 2,to_verify_sample_none100,https://github.com/PVOT-OSS/Messages/issues/106,trigger,none,none
Rater 2,to_verify_sample_none100,https://github.com/RandomCoderOrg/udroid-app/issues/23,trigger,none,quick_tap
Rater 2,to_verify_sample_none100,https://github.com/Ivorisnoob/Koda/issues/293,trigger,none,quick_tap
Rater 2,to_verify_sample_none100,https://github.com/btimofeev/instead-launcher-android/issues/15,trigger,none,none
Rater 2,to_verify_sample_none100,https://github.com/thesabareesh/protrip/issues/5,trigger,none,none
Rater 2,to_verify_sample_none100,https://github.com/SkillPanel/jfairy/issues/170,trigger,none,none
Rater 2,to_verify_sample_none100,https://github.com/deprec8/EnigmaDroid/issues/45,trigger,none,quick_tap
Rater 2,to_verify_sample_none100,https://github.com/patzly/grocy-android/issues/858,trigger,none,quick_tap
Rater 2,to_verify_sample_none100,https://github.com/jonathanpalma/react-native-tesseract-ocr/issues/142,trigger,none,none
Rater 2,to_verify_sample_none100,https://github.com/Yet-Zio/yetCalc/issues/145,trigger,none,quick_tap
Rater 2,to_verify_sample_none100,https://github.com/AOF-Dev/MCinaBox/issues/1179,trigger,none,none
Rater 2,to_verify_sample_none100,https://github.com/cloud-emoticon/cloudemoticon-android/issues/7,trigger,none,none
Rater 2,to_verify_sample_none100,https://github.com/alexvasilkov/GestureViews/issues/136,trigger,none,none
Rater 2,to_verify_sample_none100,https://github.com/xoureldeen/Vectras-VM-Android/issues/600,trigger,none,none
Rater 2,to_verify_sample_none100,https://github.com/microg/GmsCore/issues/3850,trigger,none,quick_tap
Rater 2,to_verify_sample_none100,https://github.com/siper/Youamp/issues/393,trigger,none,none
Rater 2,to_verify_sample_none100,https://github.com/CityZenApp/AndroidApp/issues/90,trigger,none,quick_tap
Rater 2,to_verify_sample_none100,https://github.com/Text-Mining/android-app/issues/1,trigger,none,none
Rater 2,to_verify_sample_none100,https://github.com/midhunhk/message-counter/issues/33,trigger,none,quick_tap
Rater 2,to_verify_sample_none100,https://github.com/DatL4g/Mimasu-Extension/issues/76,trigger,none,quick_tap
Rater 2,to_verify_sample_none100,https://github.com/Codename-11/hermes-relay/issues/639,trigger,none,quick_tap
Rater 2,to_verify_sample_none100,https://github.com/wagenknecht/backloggd-android-app/issues/8,trigger,none,none
Rater 2,to_verify_sample_none100,https://github.com/FredHappyface/Android.EweSticker/issues/22,trigger,none,quick_tap
Rater 2,to_verify_sample_none100,https://github.com/CatimaLoyalty/Android/issues/3347,trigger,none,none
Rater 2,to_verify_sample_none100,https://github.com/AniTrend/android-emojify/issues/189,trigger,none,none
Rater 2,to_verify_sample_none100,https://github.com/ByteSculptor07/QuilloNotes/issues/3,trigger,none,quick_tap
Rater 2,to_verify_sample_none100,https://github.com/ligi/gobandroid/issues/69,trigger,none,quick_tap
Rater 2,to_verify_sample_none100,https://github.com/AyushAgnihotri2025/Calculator/issues/34,trigger,none,quick_tap
Rater 2,to_verify_sample_none100,https://github.com/infinum/android-collar/issues/28,trigger,none,none
Rater 2,to_verify_sample_none100,https://github.com/JaiminPatel345/AuraOrbit/issues/25,trigger,none,none
Rater 2,to_verify_sample_none100,https://github.com/saad2134/dosezy/issues/61,trigger,none,none
Rater 2,to_verify_sample_none100,https://github.com/appium/java-client/issues/2198,trigger,none,none
Rater 2,to_verify_sample_none100,https://github.com/Codename-11/hermes-relay/issues/632,trigger,none,quick_tap
Rater 2,to_verify_sample_none100,https://github.com/camellia2077/FlipBits/issues/3,trigger,none,quick_tap
Rater 2,to_verify_sample_none100,https://github.com/rinchao0721/Melodia/issues/35,trigger,none,quick_tap
Rater 2,to_verify_sample_none100,https://github.com/Crazy-Marvin/ToDont/issues/44,trigger,none,quick_tap
Rater 2,to_verify_sample_none100,https://github.com/Crazy-Marvin/FucksGiven/issues/149,trigger,none,quick_tap
Rater 2,to_verify_sample_none100,https://github.com/xLexip/Adaptive-Theme/issues/96,trigger,none,unclear
Rater 2,to_verify_sample_none100,https://github.com/ismoy/ImagePickerKMP/issues/3,trigger,none,quick_tap
Rater 2,to_verify_sample_none100,https://github.com/Shopify/checkout-sheet-kit-android/issues/554,trigger,none,quick_tap
Rater 2,to_verify_sample_none100,https://github.com/leon-cleaning-services/leon/issues/186,trigger,none,quick_tap
Rater 2,to_verify_sample_none100,https://github.com/elimu-ai/appstore/issues/155,trigger,none,unclear
Rater 2,to_verify_sample_none100,https://github.com/kuraydev/react-native-header-view/issues/17,trigger,none,none
Rater 2,to_verify_sample_none100,https://github.com/wbrawner/SimpleMarkdown/issues/42,trigger,none,none
Rater 2,to_verify_sample_none100,https://github.com/ferranpons/Llamatik/issues/113,trigger,none,none
Rater 2,to_verify_sample_none100,https://github.com/LiveFastEatTrashRaccoon/RaccoonForLemmy/issues/491,trigger,none,quick_tap
Rater 2,to_verify_sample_none100,https://github.com/UstadMobile/UstadMobile/issues/1112,trigger,none,quick_tap
Rater 2,to_verify_sample_none100,https://github.com/mendhak/gpslogger/issues/639,trigger,none,none
Rater 2,to_verify_sample_none100,https://github.com/misa198/airmedy/issues/102,trigger,none,quick_tap
Rater 2,to_verify_sample_none100,https://github.com/esoxjem/MovieGuide/issues/96,trigger,none,none
Rater 2,to_verify_sample_none100,https://github.com/ritesh-kanwar/Cashiro/issues/166,trigger,none,quick_tap
Rater 2,to_verify_sample_none100,https://github.com/MartinStyk/apk-analyzer/issues/234,trigger,none,none
Rater 2,to_verify_sample_none100,https://github.com/Funput/Funput/issues/455,trigger,none,quick_tap
Rater 2,to_verify_sample_none100,https://github.com/launchdarkly/android-client-sdk/issues/80,trigger,none,none
Rater 2,to_verify_sample_none100,https://github.com/moallemi/Film-Time/issues/71,trigger,none,none
Rater 2,to_verify_sample_none100,https://github.com/robolectric/robolectric/issues/3202,trigger,none,none
Rater 2,to_verify_sample_none100,https://github.com/divvun/giellakbd-android/issues/36,trigger,none,quick_tap
Rater 2,to_verify_sample_none100,https://github.com/BatchLabs/Batch-Android-SDK/issues/20,trigger,none,quick_tap
Rater 2,to_verify_sample_none100,https://github.com/itsdrnoob/DataMonitor/issues/196,trigger,none,none
Rater 2,to_verify_sample_none100,https://github.com/crowdin/android-studio-plugin/issues/147,trigger,none,quick_tap
Rater 2,to_verify_sample_none100,https://github.com/hxreborn/cleanshare/issues/72,trigger,none,unclear
Rater 2,to_verify_sample_none100,https://github.com/proyecto26/react-native-inappbrowser/issues/284,trigger,none,none
Rater 2,to_verify_sample_none100,https://github.com/DevCom-IITB/instiapp-android/issues/202,trigger,none,none
Rater 2,to_verify_sample_none100,https://github.com/fr3ts0n/AndrOBD/issues/67,trigger,none,quick_tap
Rater 2,to_verify_sample_none100,https://github.com/crossbario/autobahn-java/issues/265,trigger,none,none
Rater 2,to_verify_sample_none100,https://github.com/crowdin/mobile-sdk-android/issues/284,trigger,none,none
Rater 2,to_verify_sample_none100,https://github.com/willowtreeapps/vocable-android/issues/384,trigger,none,none
Rater 2,to_verify_sample_none100,https://github.com/YangDai2003/Kori/issues/26,trigger,none,none
Rater 2,to_verify_sample_none100,https://github.com/jahirfiquitiva/Kuper/issues/64,trigger,none,none
Rater 2,to_verify_sample_none100,https://github.com/jeluchu/whatsapp-stickers-online/issues/1,trigger,none,none
Rater 2,to_verify_sample_none100,https://github.com/Sketchware-Pro/Sketchware-Pro/issues/1975,trigger,none,none
Rater 2,to_verify_sample_none100,https://github.com/art-institute-of-chicago/aic-mobile-android/issues/364,trigger,none,none
Rater 2,to_verify_sample_none100,https://github.com/firemaples/EverTranslator/issues/297,trigger,none,none
Rater 2,to_verify_sample_none100,https://github.com/getActivity/MultiLanguages/issues/60,trigger,none,none
Rater 2,to_verify_sample_none100,https://github.com/Elnix90/Dragon-Launcher/issues/448,trigger,none,none
Rater 2,to_verify_sample_none100,https://github.com/moneytoo/Player/issues/31,trigger,none,quick_tap
Rater 2,to_verify_scope_notgui100,https://github.com/a7medev/react-native-ml-kit/issues/46,scope,not_gui,not_gui
Rater 2,to_verify_scope_notgui100,https://github.com/ujizin/Camposer/issues/105,scope,not_gui,not_gui
Rater 2,to_verify_scope_notgui100,https://github.com/wagenknecht/backloggd-android-app/issues/8,scope,not_gui,not_gui
Rater 2,to_verify_scope_notgui100,https://github.com/cianru/huawei-appgallery-publish-gradle-plugin/issues/56,scope,not_gui,not_gui
Rater 2,to_verify_scope_notgui100,https://github.com/GradleUp/tapmoc/issues/27,scope,not_gui,not_gui
Rater 2,to_verify_scope_notgui100,https://github.com/appium/java-client/issues/2124,scope,not_gui,not_gui
Rater 2,to_verify_scope_notgui100,https://github.com/mobiledevpro/closetalk.app/issues/20,scope,not_gui,not_gui
Rater 2,to_verify_scope_notgui100,https://github.com/nextcloud/Android-SingleSignOn/issues/541,scope,not_gui,not_gui
Rater 2,to_verify_scope_notgui100,https://github.com/runningcode/fladle/issues/140,scope,not_gui,not_gui
Rater 2,to_verify_scope_notgui100,https://github.com/uber/okbuck/issues/375,scope,not_gui,not_gui
Rater 2,to_verify_scope_notgui100,https://github.com/libgdx/libgdx/issues/7825,scope,not_gui,gui
Rater 2,to_verify_scope_notgui100,https://github.com/soot-oss/SootUp/issues/1382,scope,not_gui,not_gui
Rater 2,to_verify_scope_notgui100,https://github.com/JuulLabs-OSS/mcumgr-android/issues/45,scope,not_gui,not_gui
Rater 2,to_verify_scope_notgui100,https://github.com/apollographql/apollo-kotlin-normalized-cache/issues/259,scope,not_gui,not_gui
Rater 2,to_verify_scope_notgui100,https://github.com/uber/okbuck/issues/610,scope,not_gui,not_gui
Rater 2,to_verify_scope_notgui100,https://github.com/MegatronKing/StringFog/issues/36,scope,not_gui,not_gui
Rater 2,to_verify_scope_notgui100,https://github.com/inovait/neatle/issues/15,scope,not_gui,not_gui
Rater 2,to_verify_scope_notgui100,https://github.com/leancloud/java-unified-sdk/issues/144,scope,not_gui,not_gui
Rater 2,to_verify_scope_notgui100,https://github.com/vitofico/quire/issues/89,scope,not_gui,not_gui
Rater 2,to_verify_scope_notgui100,https://github.com/soot-oss/SootUp/issues/1721,scope,not_gui,not_gui
Rater 2,to_verify_scope_notgui100,https://github.com/K-Konstantinidis/Basketball-League/issues/36,scope,not_gui,not_gui
Rater 2,to_verify_scope_notgui100,https://github.com/vishaltelangre/NerdCalci/issues/228,scope,not_gui,not_gui
Rater 2,to_verify_scope_notgui100,https://github.com/KeepSafe/ReLinker/issues/18,scope,not_gui,not_gui
Rater 2,to_verify_scope_notgui100,https://github.com/iBotPeaches/Apktool/issues/3633,scope,not_gui,not_gui
Rater 2,to_verify_scope_notgui100,https://github.com/Almoullim/background_location/issues/239,scope,not_gui,not_gui
Rater 2,to_verify_scope_notgui100,https://github.com/nitrite/nitrite-java/issues/966,scope,not_gui,not_gui
Rater 2,to_verify_scope_notgui100,https://github.com/SkillPanel/jfairy/issues/77,scope,not_gui,not_gui
Rater 2,to_verify_scope_notgui100,https://github.com/simonalveteg/Minute-Launcher/issues/71,scope,not_gui,not_gui
Rater 2,to_verify_scope_notgui100,https://github.com/Manabu-GT/DebugOverlay-Android/issues/254,scope,not_gui,not_gui
Rater 2,to_verify_scope_notgui100,https://github.com/kiitdev/kiit/issues/166,scope,not_gui,not_gui
Rater 2,to_verify_scope_notgui100,https://github.com/PatilShreyas/debroid/issues/55,scope,not_gui,not_gui
Rater 2,to_verify_scope_notgui100,https://github.com/Rapsssito/react-native-background-actions/issues/201,scope,not_gui,not_gui
Rater 2,to_verify_scope_notgui100,https://github.com/LFDT-web3j/web3j/issues/1989,scope,not_gui,not_gui
Rater 2,to_verify_scope_notgui100,https://github.com/boostcampwm-2022/android02-DailyFilm/issues/187,scope,not_gui,not_gui
Rater 2,to_verify_scope_notgui100,https://github.com/robolectric/robolectric/issues/2841,scope,not_gui,not_gui
Rater 2,to_verify_scope_notgui100,https://github.com/Team-B1ND/dodamdodam-android/issues/278,scope,not_gui,not_gui
Rater 2,to_verify_scope_notgui100,https://github.com/cliuff/boundo/issues/48,scope,not_gui,not_gui
Rater 2,to_verify_scope_notgui100,https://github.com/microg/UnifiedNlp/issues/231,scope,not_gui,not_gui
Rater 2,to_verify_scope_notgui100,https://github.com/icerockdev/moko-network/issues/150,scope,not_gui,not_gui
Rater 2,to_verify_scope_notgui100,https://github.com/aau-network-security/HosTaGe/issues/108,scope,not_gui,not_gui
Rater 2,to_verify_scope_notgui100,https://github.com/Agontuk/react-native-geolocation-service/issues/442,scope,not_gui,not_gui
Rater 2,to_verify_scope_notgui100,https://github.com/yuroyami/syncplay-mobile/issues/135,scope,not_gui,gui
Rater 2,to_verify_scope_notgui100,https://github.com/canyie/pine/issues/70,scope,not_gui,not_gui
Rater 2,to_verify_scope_notgui100,https://github.com/amitshekhariitbhu/Android-Debug-Database/issues/54,scope,not_gui,not_gui
Rater 2,to_verify_scope_notgui100,https://github.com/soil-kt/soil/issues/110,scope,not_gui,not_gui
Rater 2,to_verify_scope_notgui100,https://github.com/kiitdev/kiit/issues/378,scope,not_gui,not_gui
Rater 2,to_verify_scope_notgui100,https://github.com/processing/processing-android/issues/513,scope,not_gui,not_gui
Rater 2,to_verify_scope_notgui100,https://github.com/DennisBauer/RecurringExpenseTracker/issues/656,scope,not_gui,not_gui
Rater 2,to_verify_scope_notgui100,https://github.com/Trooped/QuickBars/issues/65,scope,not_gui,gui
Rater 2,to_verify_scope_notgui100,https://github.com/kike-canaries/canairio_android/issues/164,scope,not_gui,not_gui
Rater 2,to_verify_scope_notgui100,https://github.com/EXALAB/AnLinux-App/issues/4,scope,not_gui,not_gui
Rater 2,to_verify_scope_notgui100,https://github.com/DennisBauer/RecurringExpenseTracker/issues/726,scope,not_gui,not_gui
Rater 2,to_verify_scope_notgui100,https://github.com/skylot/jadx/issues/2953,scope,not_gui,not_gui
Rater 2,to_verify_scope_notgui100,https://github.com/Inky-developer/FitnessCalendar/issues/54,scope,not_gui,not_gui
Rater 2,to_verify_scope_notgui100,https://github.com/ChrisKruegerDev/tmdb-kotlin/issues/9,scope,not_gui,not_gui
Rater 2,to_verify_scope_notgui100,https://github.com/AppiumTestDistribution/AppiumTestDistribution/issues/533,scope,not_gui,not_gui
Rater 2,to_verify_scope_notgui100,https://github.com/CellularPrivacy/Android-IMSI-Catcher-Detector/issues/819,scope,not_gui,not_gui
Rater 2,to_verify_scope_notgui100,https://github.com/ivanisidrowu/KtRssReader/issues/91,scope,not_gui,not_gui
Rater 2,to_verify_scope_notgui100,https://github.com/BatchLabs/Batch-Android-SDK/issues/1,scope,not_gui,not_gui
Rater 2,to_verify_scope_notgui100,https://github.com/grab/grab-bazel-common/issues/24,scope,not_gui,not_gui
Rater 2,to_verify_scope_notgui100,https://github.com/LegacyCodeHQ/eureka/issues/14,scope,not_gui,not_gui
Rater 2,to_verify_scope_notgui100,https://github.com/open-keychain/open-keychain/issues/2033,scope,not_gui,not_gui
Rater 2,to_verify_scope_notgui100,https://github.com/appium/java-client/issues/2037,scope,not_gui,not_gui
Rater 2,to_verify_scope_notgui100,https://github.com/yuyakaido/CardStackView/issues/228,scope,not_gui,gui
Rater 2,to_verify_scope_notgui100,https://github.com/braze-inc/braze-react-native-sdk/issues/328,scope,not_gui,not_gui
Rater 2,to_verify_scope_notgui100,https://github.com/nhaarman/acorn/issues/40,scope,not_gui,not_gui
Rater 2,to_verify_scope_notgui100,https://github.com/DrawAnywhere/DrawAnywhere/issues/26,scope,not_gui,gui
Rater 2,to_verify_scope_notgui100,https://github.com/Domi04151309/BatteryTool/issues/14,scope,not_gui,not_gui
Rater 2,to_verify_scope_notgui100,https://github.com/socket-link/ampere/issues/901,scope,not_gui,not_gui
Rater 2,to_verify_scope_notgui100,https://github.com/hatamiarash7/RTL-Toast/issues/5,scope,not_gui,not_gui
Rater 2,to_verify_scope_notgui100,https://github.com/Suwayomi/Suwayomi-JUI/issues/61,scope,not_gui,not_gui
Rater 2,to_verify_scope_notgui100,https://github.com/isuPatches/android-wisefy/issues/131,scope,not_gui,not_gui
Rater 2,to_verify_scope_notgui100,https://github.com/crossbario/autobahn-java/issues/433,scope,not_gui,not_gui
Rater 2,to_verify_scope_notgui100,https://github.com/ionic-team/capacitor-plugins/issues/2310,scope,not_gui,gui
Rater 2,to_verify_scope_notgui100,https://github.com/slackhq/keeper/issues/125,scope,not_gui,not_gui
Rater 2,to_verify_scope_notgui100,https://github.com/deltazefiro/Amarok-Hider/issues/250,scope,not_gui,not_gui
Rater 2,to_verify_scope_notgui100,https://github.com/MegatronKing/StringFog/issues/58,scope,not_gui,not_gui
Rater 2,to_verify_scope_notgui100,https://github.com/Zhuinden/simple-stack/issues/149,scope,not_gui,not_gui
Rater 2,to_verify_scope_notgui100,https://github.com/kesha-antonov/react-native-background-downloader/issues/1,scope,not_gui,not_gui
Rater 2,to_verify_scope_notgui100,https://github.com/koral--/android-gif-drawable/issues/61,scope,not_gui,gui
Rater 2,to_verify_scope_notgui100,https://github.com/crowdin/mobile-sdk-android/issues/284,scope,not_gui,not_gui
Rater 2,to_verify_scope_notgui100,https://github.com/nikhilmuz/WhatsApp-Bulk-Sender/issues/14,scope,not_gui,not_gui
Rater 2,to_verify_scope_notgui100,https://github.com/Mino260806/MessengerPro/issues/44,scope,not_gui,not_gui
Rater 2,to_verify_scope_notgui100,https://github.com/Irineu333/NeoRegex/issues/33,scope,not_gui,not_gui
Rater 2,to_verify_scope_notgui100,https://github.com/troyzhxu/okhttps/issues/34,scope,not_gui,not_gui
Rater 2,to_verify_scope_notgui100,https://github.com/launchdarkly/android-client-sdk/issues/295,scope,not_gui,not_gui
Rater 2,to_verify_scope_notgui100,https://github.com/xLexip/Adaptive-Theme/issues/92,scope,not_gui,not_gui
Rater 2,to_verify_scope_notgui100,https://github.com/collinsmith/riiablo/issues/73,scope,not_gui,not_gui
Rater 2,to_verify_scope_notgui100,https://github.com/Blankj/AndroidUtilCode/issues/1802,scope,not_gui,not_gui
Rater 2,to_verify_scope_notgui100,https://github.com/hossain-khan/android-compose-highlight/issues/486,scope,not_gui,not_gui
Rater 2,to_verify_scope_notgui100,https://github.com/yellowbluesky/PixivforMuzei3/issues/143,scope,not_gui,not_gui
Rater 2,to_verify_scope_notgui100,https://github.com/caoccao/Javet/issues/566,scope,not_gui,not_gui
Rater 2,to_verify_scope_notgui100,https://github.com/getActivity/GsonFactory/issues/39,scope,not_gui,not_gui
Rater 2,to_verify_scope_notgui100,https://github.com/mkulesh/microMathematics/issues/129,scope,not_gui,not_gui
Rater 2,to_verify_scope_notgui100,https://github.com/EXALAB/AnLinux-App/issues/441,scope,not_gui,not_gui
Rater 2,to_verify_scope_notgui100,https://github.com/dipien/semantic-version-gradle-plugin/issues/44,scope,not_gui,not_gui
Rater 2,to_verify_scope_notgui100,https://github.com/caoccao/Javet/issues/491,scope,not_gui,not_gui
Rater 2,to_verify_scope_notgui100,https://github.com/catalinghita8/android-compose-mvvm-foodies/issues/13,scope,not_gui,not_gui
Rater 2,to_verify_scope_notgui100,https://github.com/slackhq/slack-lints/issues/53,scope,not_gui,not_gui
Rater 2,to_verify_scope_notgui100,https://github.com/aabhasr1/OtpView/issues/28,scope,not_gui,not_gui
