url,title,llm_label,llm_evidence,verified_label
https://github.com/tigerduck-app/tigerduck-app-android/issues/64,Widgets related issue due to different launchers,drag_and_drop,課表 widgets 無法上下壓縮至小於四格; 下一堂課 widgets 無法調整高度,drag_and_drop
https://github.com/Tanish-Ranjan/crop-kit/issues/5,[BUG],drag_and_drop,Simply try to drag the cropper.,drag_and_drop
https://github.com/stipop-development/stipop-android-sdk/issues/9,[Bug] My stickers tab drag and drop sorting issue.,drag_and_drop,My stickers tab drag and drop sorting issue.,drag_and_drop
https://github.com/icerockdev/moko-units/issues/60,Diffable data source can skip moved visible cells update,drag_and_drop,moving rows,drag_and_drop
https://github.com/dzikoysk/presence-of-mind/issues/57,Reordering tasks is a bit glitched on RC.13,drag_and_drop,Reordering tasks,drag_and_drop
https://github.com/ashutoshgngwr/10-bitClockWidget/issues/24,android 10. 'widget/programm keeps closing',drag_and_drop,"I can select the widget and view the placement area, then effectively nothing shows.",drag_and_drop
https://github.com/quaap/LaunchTime/issues/19,Dropping a widget gives crash,drag_and_drop,dragging a larger appwidget to a category,drag_and_drop
https://github.com/HenriDellal/emerald/issues/49,Performance issues with fast scroll,drag_and_drop,Dragging the scroll box anywhere causes lags,swipe_region
https://github.com/Elnix90/Dragon-Launcher/issues/384,[BUG] When selecting a point the app default icon is shown in the drag overlay rather than the selected one,drag_and_drop,the app default icon is shown in the drag overlay,drag_and_drop
https://github.com/dofire/Floating-Bubble-View/issues/50,Close view is buggy,drag_and_drop,"Drag the popup sideways for example
2. Drop the popup to be placed",drag_and_drop
https://github.com/Dawncraft/Dawn-Desktop-Addons/issues/3,在Android 10上更新应用会导致微件重置为默认布局,drag_and_drop,在桌面放置几个微件,none
https://github.com/EmmanuelMess/Simple-Accounting/issues/42,Crash,drag_and_drop,at com.emmanuelmess.simpleaccounting.activities.dialogs.CurrencyPicker$4.move(CurrencyPicker.java:354),drag_and_drop
https://github.com/SoltauFintel/blockpuzzle/issues/23,Fatal Android 13 problem. Help wanted!,drag_and_drop,Dragging an game piece the icon becomes a blur effect and the size is wrong.,drag_and_drop
https://github.com/SoltauFintel/blockpuzzle/issues/17,I'm pretty sure that's a bug (but not so sure how to reproduce it),drag_and_drop,I removed two horizontal lines with 2x1 but the game somehow decided that I've lost. But not really lost I guess because while the field is gray I can still place pieces.,drag_and_drop
https://github.com/Irineu333/NeoRegex/issues/77,Arrastar janela parando de funcionar,drag_and_drop,Tente arrastar a janela,drag_and_drop
https://github.com/jrpie/launcher/issues/251,[bug] can't add widgets,drag_and_drop,Widgets can't be added the home screen.,drag_and_drop
https://github.com/mvmike/min-cal-widget/issues/201,Height problem,drag_and_drop,resize the widget to 5*2,drag_and_drop
https://github.com/0x4f53/Wristkey/issues/42,[FEATURE] v3.2 todo,drag_and_drop,custom (draggable state vault),unclear
https://github.com/jordond/drag-select-compose/issues/113,dragSelectState is selecting incorrect items if data source isn't static list,drag_and_drop,"drag-select selects incorrect item, or sometimes can't select/de-select items",drag_and_drop
https://github.com/jordond/drag-select-compose/issues/44,Bug: First selected item is wrong,drag_and_drop,selection of the first item that activates the selection mode,drag_and_drop
https://github.com/Crazy-Marvin/FucksGiven/issues/195,Widget does not work.,drag_and_drop,adding the widget to home screen,drag_and_drop
https://github.com/syanbo/react-native-syan-image-picker/issues/103,裁剪的时候底部图被放大了，导致不能截取完全,drag_and_drop,裁剪的时候底部图被放大了，导致不能截取完全,drag_and_drop
https://github.com/Yalantis/uCrop/issues/631,Cropped PNG image has corrupted colors,drag_and_drop,Crop the picture,drag_and_drop
https://github.com/Yalantis/uCrop/issues/368,bitmap crop problem,drag_and_drop,when crop picture,drag_and_drop
https://github.com/collinsmith/riiablo/issues/99,Item location can be null for serialization,drag_and_drop,When moving around an item,drag_and_drop
https://github.com/iknow4x/Android-Video-Trimmer/issues/39,裁剪框不能拖到最后,drag_and_drop,裁剪框不能拖到最后 / 裁剪框不能拖动到那里,drag_and_drop
https://github.com/yuyakaido/CardStackView/issues/36,com.android.tools.build:gradle:3.0.0 Slow down the dragging,drag_and_drop,the dragging processes of the card stack is slow down,drag_and_drop
https://github.com/VinylMusicPlayer/VinylMusicPlayer/issues/1272,Crash Report,drag_and_drop,"I tried to create a widget of the ""classic style""",drag_and_drop
https://github.com/hidroh/materialistic/issues/861,Duplicate comments,drag_and_drop,drag that comment slightly to the right and let go,drag_and_drop
https://github.com/noties/Markwon/issues/41,Selecting text causes crash,drag_and_drop,trying to select some text causes an `IndexOutOfBoundsException`,long_press
https://github.com/Elnix90/Dragon-Launcher/issues/422,[BUG] Debounce time between entering different nests is longer than in earlier releases,quick_tap,quickly swipe around to choose new app,swipe
https://github.com/Anrimian/music-player/issues/81,Play queue: bug with removed item restoration,quick_tap,Prepare new queue before snackbar will disappear,quick_tap
https://github.com/cvzi/ScreenshotTile/issues/395,[Feature] Hide toast message before new screenshot,quick_tap,if you want take another one frapidly after that,quick_tap
https://github.com/qpst4/XGesture/issues/11,Crash trying to open the screenshot editor,quick_tap,upon tapping it multiple times it closes the app,quick_tap
https://github.com/bikram-agarwal/Remember/issues/81,[BUG] Keystrokes and backspace inputs frequently dropped during text entry,quick_tap,Type a continuous string of text or the alphabet at a normal to rapid pace. ... Tap the backspace key rapidly to erase the typed text.,quick_tap
https://github.com/bikram-agarwal/Remember/issues/77,[BUG] text disappearing after typing words while autocorrect is enabled on keyboard,quick_tap,"If I have the auto-correction feature switched on for my keyboards and I type too fast in the body of a new note, the typed word will disappear as I type",quick_tap
https://github.com/armanmaurya/InternetRadio/issues/206,[BUG] It is possible to press a button that is no longer visible and should be inactive,quick_tap,"As quickly as you can, press the “Save” button and then the spot right next to it where the trash can icon was just a moment ago.",quick_tap
https://github.com/darkokoa/compose-datetime-wheel-picker/issues/112,Bug: wheel needs too much time to settle for updated value,quick_tap,quickly selects a value and confirms,picker_scroll
https://github.com/stoatchat/for-android/issues/17,bug: Message sends to wrong user if another chat is openned before the message fully sends,quick_tap,Before the message finishes sending to User A open the chat of User B,quick_tap
https://github.com/Thor-Wayfinder/thor-wayfinder/issues/81,Home Button Combos Closes Apps,quick_tap,double or triple tapping the home button,double_tap
https://github.com/X1nto/Mauth/issues/87,bug: double navigation and navigation crashes,quick_tap,spam clicking a button that navigates to a different screen can cause the navigation to occur multiple times,quick_tap
https://github.com/caarmen/poet-assistant/issues/134,Crash when copying word to clipboard,quick_tap,very quickly scroll so that the word is just hidden,scroll
https://github.com/mysteriumnetwork/mysterium-vpn-mobile/issues/404,App breaks when going to account screen before the list of nodes is loaded,quick_tap,Immediately go to the account screen after the splash disappears,quick_tap
https://github.com/jherkenhoff/qalculate-android/issues/64,Text input box behaves in unexpected way,quick_tap,"When I type quickly, the text input box is sometimes cleared.",quick_tap
https://github.com/r0adkll/DeckBox/issues/101,[BUG] Rapid clicking card in deck builder spams card detail screen,quick_tap,Rapid click any card in the builder interface,quick_tap
https://github.com/jenly1314/UltraSwipeRefresh/issues/21,bug反馈，快速下拉抬起后，异常卡住不执行收起或刷新动画,quick_tap,快速下拉抬起后，异常卡住不执行收起或刷新动画,swipe
https://github.com/Greenstand/treetracker-android/issues/1280,App crash when rapidly tapping the back button multiple times.,quick_tap,App crashes when rapidly tapping the back button multiple times.,quick_tap
https://github.com/rubensousa/DpadRecyclerView/issues/153,IndexOutOfBoundsException during an adapter update,quick_tap,modify list / count of elements in the list fast (once per 500 ms or faster) through submitList method. A real scenario for this case is a search implementation.,unclear
https://github.com/j3soon/whisper-to-input/issues/27,Gratitude and bug report regarding the silence detector,quick_tap,"But if you manage to press the red microphone button before the end of 5 seconds, it transcribes, and the result is good.",quick_tap
https://github.com/xgouchet/Stanley/issues/5,NullPointerException,quick_tap,tried to resize before the image last had loaded,quick_tap
https://github.com/Julow/Unexpected-Keyboard/issues/190,Z fold 2 space bar inconsistent.,quick_tap,Space's should be inserted when touching the space bar even when typing quickly.,quick_tap
https://github.com/MewX/light-novel-library_Wenku8_Android/issues/76,启动app后操作过快大概率导致crash,quick_tap,在app启动后如果不稍微等待直接点击侧栏的收藏的话有极大的概率crash,quick_tap
https://github.com/vivchar/RendererRecyclerViewAdapter/issues/19,"When loading more loads, load boxes repeat",quick_tap,快速上拉加载更多时,swipe
https://github.com/troyzhxu/okhttps/issues/59,"""You must call connect before send"" error",quick_tap,click back button quickly,quick_tap
https://github.com/collinsmith/riiablo/issues/113,Casting spells too fast on Android causes crash,quick_tap,Casting spells too fast on Android causes crash. ... if too many spells are casted in succession.,quick_tap
https://github.com/scwang90/SmartRefreshLayout/issues/1112,上拉加载可能出现多次触发,quick_tap,加载完成瞬间再次上拉,swipe
https://github.com/miguelhincapie/CustomBottomSheetBehavior/issues/30,When user touches screen during fling the state transitions to end state than scrolls back a little,quick_tap,when user touches screen during fling,quick_tap
https://github.com/hoppjan/mensa-sh-android/issues/103,Cannot refresh from error state in activity,swipe_region,I cannot swipe to refresh anywhere but on the icon and text.,swipe
https://github.com/mueller-ma/TabletopTools/issues/284,Drawer animation lacks smoothness,swipe_region,Draw and undraw the drawer.,swipe_region
https://github.com/Elnix90/Dragon-Launcher/issues/428,[BUG] Main gesture cannot be activated in areas occupied by items in other nests,swipe_region,"Is activated by swiping from an area of the screen in any direction. However, if an interactive element... starting the gesture from that same area in another nest does not activate the gesture",swipe_region
https://github.com/Anrimian/music-player/issues/123,System ui gets overloaded somehow,swipe_region,open notification panel,swipe_region
https://github.com/forzzzzz/Calculator-You/issues/10,Bugs and improvements in version 3,swipe_region,Moving the precision slider messes up the selected separator and decimal separator in the settings. Try choosing different separators and then moving the slider to see what I mean.,swipe_region
https://github.com/teccheck/FastLyrics/issues/23,[Bug] “Synced lyrics” switch randomly switches back to Genius sometimes,swipe_region,Also this happens when I jump around in the song using the rich notification from my music app.,swipe_region
https://github.com/MohamedRejeb/Compose-Interactive-Gamepad/issues/1,X axis direction bug,swipe_region,when you drag the joystick on the X axis,swipe_region
https://github.com/timusus/Shuttle2/issues/907,Plex (Android): seeking back after ExoPlayer prepared the next transcoded song likely 404s,swipe_region,seeking back in the current song,swipe_region
https://github.com/damontecres/StashAppAndroidTV/issues/763,[BUG] - Seek bar jumps ~1 minute,swipe_region,dragging the seek bar forward or backward,swipe_region
https://github.com/FossifyOrg/Documents/issues/73,Documents disappears after switching away from an opened PDF or VCF,swipe_region,Use gesture navigation to switch back to File Manager.,swipe_region
https://github.com/jrpie/launcher/issues/77,[bug] [gesture navigation] broken animation when using home gesture,swipe_region,use home gesture (swipe up from the bottom of the screen),swipe_region
https://github.com/hxreborn/punch-hole-download-progress/issues/50,Ring problems,swipe_region,move sliders,swipe_region
https://github.com/sureshfizzy/JellyCine/issues/46,[BUG]The progress bar is  hard to control,swipe_region,"The seek bar is super annoying to use , I can't skip ahead or go back by clicking anywhere.",swipe_region
https://github.com/REBEL-ROOT/omni-browser/issues/135,[Bug]: Unstable/too sensitive scroll bar,swipe_region,"Tap on Scroll Bar
Scroll down and hold",swipe_region
https://github.com/Chimahon/chimahon/issues/58,Player subtitles duplicating on color change / alpha not working on subtitle shadow,swipe_region,Modify Alpha to any number; Increase the subtitle scale via Miscellaneous -> Scale,swipe_region
https://github.com/nanihadesuka/LazyColumnScrollbar/issues/38,Option to ignore the initially horizontal dragging in vertical scrollbars,swipe_region,initially horizontal dragging in vertical scrollbars,swipe_region
https://github.com/icerockdev/moko-media/issues/48,[iOS] Coroutines don't resume if picker screen was closed,swipe_region,close picker screen with swipe down (available since iOS 13 for modal presented controllers),swipe_region
https://github.com/LSafer/edgeseek/issues/8,[Bug] Audio controls doesn't work for Oppo/OnePlus devices.,swipe_region,The audio track seeking is only working,swipe_region
https://github.com/LSafer/edgeseek/issues/20,[Bug] Dimmer doesn't cover the whole screen,swipe_region,I'm using my left center Edge to control the brightness with dimmer,swipe_region
https://github.com/jaxparrow07/launchpad-search/issues/16,A10 BUG search will immediately close when triggered via assistant gesture ,swipe_region,swiping up from either sides of the nav bar,swipe_region
https://github.com/firemaples/EverTranslator/issues/425,Can not circle the top of the screen on a notch device,swipe_region,Can not circle the top of the screen on a notch device,swipe_region
https://github.com/LawnchairLauncher/lawnchair/issues/7321,Swipe down for notifications does not work properly,swipe_region,Swipe down for notifications does not work properly,swipe_region
https://github.com/osudroid/osu-droid/issues/418,slider too fast without mods or speed,swipe_region,slider too fast,swipe_region
https://github.com/CellularPrivacy/Android-IMSI-Catcher-Detector/issues/900,AIMSICD crash in Map view,swipe_region,Used finger on the screen too move the Map,swipe_region
https://github.com/material-components/material-components-android/issues/4978,[Slider] Displayed slider values (minus valueFrom) are sometimes not integer multiples of stepsize due to floating point arithmetic,swipe_region,Slide to 2.65x,swipe_region
https://github.com/alexvasilkov/GestureViews/issues/148,Recyclerview in the GestureFrameLayout is not scrolling. ,swipe_region,gestures enabled to finish activity with the dragging. It drags the layout first instead of recyclerview.,swipe_region
https://github.com/alexvasilkov/GestureViews/issues/26,Bug regarding GestureFrameLayout,swipe_region,once you swipe on top of WIKIART button,swipe_region
https://github.com/MonwF/customiuizer/issues/535,"Bug with back gesture when ""Swipe across the screen..."" is used",swipe_region,"activating it by swiping across the screen, the first back gesture which is used after the power menu is opened does not register",swipe_region
https://github.com/slapperwan/gh4a/issues/782,Right side drawers becomes expandable after using fastscroller,swipe_region,using fastscroller,swipe_region
https://github.com/VinylMusicPlayer/VinylMusicPlayer/issues/1271,Crash when slide the sleep timer to less than 1 min,swipe_region,"When sliding the slider to a position that seems less than 1 minute, the app crash immediately",swipe_region
https://github.com/czlucius/code-scanner/issues/26,OverlayView needs to allow touches through it,pinch_zoom,accepting zoom touches,pinch_zoom
https://github.com/hxreborn/punch-hole-download-progress/issues/102,Breaks accessibility's magnification,pinch_zoom,The two finger pinch for zoom and unzoom doesn't work.,pinch_zoom
https://github.com/JLindemann42/Atomic-Periodic-Table.Android/issues/30,Zoom sometimes results in unclickable element buttons,pinch_zoom,Zoom out,pinch_zoom
https://github.com/screenlite/android-web-kiosk/issues/10,An option to disable zoom,pinch_zoom,Occasionally he'll accidentally zoom in,pinch_zoom
https://github.com/cgeo/cgeo/issues/15261,GC Live map not loading / unloading caches,pinch_zoom,Those caches that are loaded disappear when moving the map slightly or changing zoom levels.,swipe_region
https://github.com/alexvasilkov/GestureViews/issues/128,Gestures are not working when scaletype is set,pinch_zoom,"Gestures are not working, like zoom or double click",pinch_zoom
https://github.com/VEINHORN/ScrollGalleryView/issues/46,Pinch to zoom,pinch_zoom,"if I perform a ""pinch to zoom"" action, I get an Exception",pinch_zoom
https://github.com/NimaKhajehpour/MyMood/issues/41,Bug: It wouldn't let me change the hour when editing an existing effect,picker_scroll,it wouldn't let me change the hour when editing an existing effect,picker_scroll
https://github.com/mvmike/min-cal-widget/issues/58,month translation is broken,picker_scroll,month translation is broken,none
https://github.com/darkokoa/compose-datetime-wheel-picker/issues/106,WheelDateTimePicker snaps back when scrolling past year 2077 despite higher maxDateTime,picker_scroll,Attempt to scroll the Year wheel past 2077.,picker_scroll
https://github.com/darkokoa/compose-datetime-wheel-picker/issues/19,Semicolon position fixation issue ,picker_scroll,WheelTimePicker,picker_scroll
https://github.com/anselm94/Torchie-Android/issues/10,Nova Launcher gestures using two fingers are disabled when Torchie functionality is on,multi_touch,"Nova Launcher gestures that use two fingers, like dual swipe down or pinch",multi_touch
https://github.com/JonasBernard/FakeStandby/issues/89,"[BUG]When using Caffeinate, FakeStandby cannot be turned off in applications that support always-on screen.",multi_touch,tapping the screen with four or more fingers,multi_touch
https://github.com/JonasBernard/FakeStandby/issues/48,[BUG] Overlay doesn't turn off after screen rotation,multi_touch,Swipe or tap with 4 fingers,multi_touch
https://github.com/smite1921/enigma-machine/issues/17,Text Preview doesn't scroll to end,scroll,Text Preview doesn't scroll to end,scroll
https://github.com/Dan8Oren/MicLock/issues/26,[BUG],scroll,Scroll down to '....',scroll
https://github.com/elimu-ai/appstore/issues/131,"Download progress bar frozen when starting a download, and then scrolling down and up again [1-2hr]",scroll,scrolling down and up again,scroll
https://github.com/elimu-ai/appstore/issues/108,2 buttons are displayed in app list [1-2h],scroll,When scrolling to the bottom and then back up to the top,scroll
https://github.com/SRGSSR/pillarbox-android/issues/1105,Fix broken video aspect ratio when switching between different media types (audio/video/image),scroll,Navigate between the items.,scroll
https://github.com/Inky-developer/FitnessCalendar/issues/12,weird crash when scrolling up the activity list,scroll,scrolling up the activity list,scroll
https://github.com/bunoriapp/bunori/issues/35,[Bug]: Reddit Icon in the Settings Screen,scroll,Go to the settings page and then to absolute bottom,scroll
https://github.com/gaiuszzang/GroovinCollapsingToolBar/issues/1,Abnormal Scrolling behavior since Android 12 version,scroll,Up scrolling has blocked when lazyColumn is on top.,scroll
https://github.com/ellenhp/cardinal/issues/82,text field cursor can't move past edge of currently visible text,scroll,you can't scroll the cursor over to the end using the normal android gesture,drag_and_drop
https://github.com/stefan-niedermann/nextcloud-tables/issues/272,Can't see last row in Android app,scroll,Need to create one or two fakes row to scroll,scroll
https://github.com/stefan-niedermann/nextcloud-tables/issues/182,Scrolling stopped when reaching last row,scroll,scroll down to the last row,scroll
https://github.com/SysAdminDoc/HushGram/issues/52,bug: Slow scrolling experience,scroll,Scrolling through my feed isn't as smooth,scroll
https://github.com/HnDK0/NoveLA/issues/182,[BUG]: Jerky/stuttering scrolling in library,scroll,scroll down and up,scroll
https://github.com/Anrimian/music-player/issues/267,Play queue autoscroll issue #2,scroll,scroll to top,scroll
https://github.com/aunchagaonkar/NetworkSwitch/issues/22,Toggle message is wrong,scroll,Scroll and open notification panel,scroll
https://github.com/LiveFastEatTrashRaccoon/RaccoonForLemmy/issues/544,[Top Bar] Buttons hidden below status bar on Pixel 10,scroll,Scroll up to ensure top bar is visible,scroll
https://github.com/LiveFastEatTrashRaccoon/RaccoonForLemmy/issues/358,App crashes on scroll when viewing posts,scroll,the whole app crashes when I touch the screen and begin to scroll,scroll
https://github.com/cliuff/boundo/issues/18,Scrolling issue in app info page,scroll,nested scrolling,scroll
https://github.com/SapuSeven/BetterUntis/issues/482,scroll is not limited,scroll,but the scroll is not limited to the lessions,scroll
https://github.com/Efimj/Shkiper/issues/10,Note tag (main page) not clickable when scrolling,scroll,not clickable when scrolling,scroll
https://github.com/nanihadesuka/NovelDokusha/issues/132,Infinite scroll goes in wrong direction of chapters,scroll,"infinite scroll will, upon ending a novel chapter, bring up the previous chapter instead of the next",scroll
https://github.com/Hy4ri/hermes-mobile/issues/1322,refactor(chat): single-source scroll follow state,scroll,read by the user-scroll observer,unclear
https://github.com/steve1316/uma-android-automation/issues/354,race is unable to be changed when locked in smart race solver!,scroll,I cannot scroll or anything.,scroll
https://github.com/heypandax/pairlet/issues/390,"After opening the HTML attachment and rendering it, I can't scroll",scroll,I can't scroll through it,scroll
https://github.com/sk2andy/candy-browser/issues/265,Lots of bugs after v0.45,scroll,"And if the address bar does park, it needs to automatically come back out if I scroll up",scroll
https://github.com/sk2andy/candy-browser/issues/271,Keep bottom-fixed website input controls clear of the floating address bar,scroll,"Focus the input, open/close the keyboard, and scroll the page.",scroll
https://github.com/sk2andy/candy-browser/issues/275,Keep Google AI and account-menu content clear of the Android status area,scroll,1. Open Google AI results and scroll the response. 2. Open the Google account menu and scroll within it.,scroll
https://github.com/qpst4/XGesture/issues/12,Can't scroll app index all the way in landscape mode,scroll,Can't scroll through it properly,scroll
https://github.com/mlm-games/flicky/issues/28,[Bug]  A refresh circle appears when positioned in the top row.,scroll,A refresh circle appears when positioned in the top row.,scroll
https://github.com/fcmfcm1999/EdgeX/issues/56,2.0.1一些界面显示不全,scroll,往下滑不动,scroll
https://github.com/Arian04/android-hid-client/issues/91,cant read permission hidg0/1 Samsung S20 FE Exynos990 (r8s),scroll,Scroll down to nothing,scroll
https://github.com/siper/Youamp/issues/410,Header on queue screen not scrolled with songs list,scroll,scrolled with songs list,scroll
https://github.com/Drumber/Kitsune/issues/74,Infinite number of chapters for uncompleted mangas,scroll,Continue to scroll down the chapters,scroll
https://github.com/LottieFiles/dotlottie-android/issues/45,Animation inside recyclerView issues,scroll,"The app occasionally crashes, especially during fast scrolling. This is the simplest way to reproduce the issue.",scroll
https://github.com/JLindemann42/Atomic-Periodic-Table.Android/issues/20,Electronegativity typo,scroll,Scroll down to 'Properties Card',scroll
https://github.com/r0adkll/DeckBox/issues/102,[BUG] Some sets are not loading cards for users,scroll,Scroll down and click on 'DP Black Star Promos',scroll
https://github.com/wthee/pcr-tool/issues/130,[问题反馈]技能描述缺失,scroll,下拉,scroll
https://github.com/mori-atsushi/katalog/issues/19,カルーセルスクロール時に高さが変わることがある,scroll,カルーセルスクロール時に高さが変わることがある,scroll
https://github.com/hax0r31337/ProtoHax-Android/issues/48,[BUG] Can't open Minecraft server Java and Bedrock hosting,scroll,Scroll down to 'Server',scroll
https://github.com/rubensousa/DpadRecyclerView/issues/171,Scroll jumps to the top on item's layout update,scroll,Scroll down a little with touch,scroll
https://github.com/rubensousa/DpadRecyclerView/issues/160,focus item scroll unfriendly when itemCount less then the screen length,scroll,focus item scroll unfriendly,scroll
https://github.com/maltaisn/another-notes-app/issues/105,Bug: scrolling through the note resets cursor to the first line,scroll,Scroll the note up or down.,scroll
https://github.com/mzlogin/guanggoo-android/issues/41,下拉刷新与转圈同时出现的问题,scroll,下拉刷新,swipe
https://github.com/vatsalkesarwani12/Heal-O-Chat/issues/49,User online status ,scroll,on scrolling the chat list,scroll
https://github.com/codenameone/CodenameOne/issues/5602,"[Bug] the maven ""build hints"" screen needs a scroll bar.",scroll,My index finger fell off after trying to scroll down the list using the mouse scroll wheel.,scroll
https://github.com/eddyizm/tempus/issues/1168,[CRASH] - In settings after change equalizer,scroll,Scroll a bit and wait,scroll
https://github.com/deltachat/deltachat-android/issues/4732,"""scroll to bottom"" button wrongly appearing sometimes",scroll,scroll up in the chat back in history,scroll
https://github.com/cgeo/cgeo/issues/18653,Log Length Limit Not Respected,scroll,"open any listing, scroll down and up again",scroll
https://github.com/maxwai/NClientV3/issues/164,Very laggy,scroll,scrolling up and down is very laggy,scroll
https://github.com/Rosemoe/sora-editor/issues/880,Completion window's scroll position does not reset,scroll,The scroll position is still preserved.,scroll
https://github.com/AdguardTeam/ContentBlocker/issues/208,Some element hiding rules are not applied,scroll,scroll down to comments,scroll
https://github.com/hardcore-sushi/DroidFS/issues/416,[BUG] File list -> Directory -> Scroll -> Back -> Scroll position is preserved,scroll,Scroll down.,scroll
https://github.com/jean-voila/FeurStagram/issues/123,[Bug]: Ads still show up even after the update,scroll,Scroll,scroll
https://github.com/jean-voila/FeurStagram/issues/128,[Bug]: DMs not loading older messages,scroll,Scroll till an old message,scroll
https://github.com/deltazefiro/Amarok-Hider/issues/270,[BUG],scroll,Scroll down to '....',scroll
https://github.com/davideas/FlexibleAdapter/issues/621,Possible bug in endless scroll feature,scroll,I think the endless scroll feature doesn't work when a threshold greater than 1 is set.,scroll
https://github.com/davideas/FlexibleAdapter/issues/605,FastScroller handle sync delay,scroll,"when the Item scrolls down a distance, the position of the scroll bar does not change",scroll
https://github.com/rubensousa/GravitySnapHelper/issues/49,SnapListener broken if enough padding is added to end of items to snap to last item,scroll,you can scroll the last item all the way to the start of the view.,scroll
https://github.com/rubensousa/GravitySnapHelper/issues/40,RecyclerView Auto Scrolling with GravitySnapHelper,scroll,after apply a little scroll to left,scroll
https://github.com/cymcsg/UltimateRecyclerView/issues/466,java.lang.IndexOutOfBoundsException,scroll,"android.support.v7.widget.RecyclerView.onTouchEvent(RecyclerView.java:1951)
android.support.v7.widget.RecyclerView.scrollByInternal(RecyclerView.java:1204)
android.support.v7.widget.StaggeredGridLayoutManager.scrollVerticallyBy(StaggeredGridLayoutManager.java:1796)",scroll
https://github.com/vivchar/RendererRecyclerViewAdapter/issues/15,ViewState not working as expected,scroll,"scroll the first item horizontally
- scroll down",scroll
https://github.com/a7medev/react-native-ml-kit/issues/45,Performance degradation in iOS simulator when using MLKit ,scroll,An example of this is that the frame rate is seriously slow on a table when scrolling.,scroll
https://github.com/Yalantis/uCrop/issues/255,Matrix NPE on newly set image,scroll,Touching the image in the following sample application... will trigger the bug: ...GestureCropImageView$GestureListener.onScroll,scroll
https://github.com/xuexiangjys/XUI/issues/123,RecyclerView某些情况下滑动会消失不见,scroll,RecyclerView某些情况下滑动会消失不见，不需要滑动很快，慢慢滑动就行,scroll
https://github.com/miguelhincapie/CustomBottomSheetBehavior/issues/50,Sliding down from STATE_COLLAPSED does not hide the bottomsheet,scroll,scrolling down ON THE VIEWPAGER will hide it.,scroll
https://github.com/miguelhincapie/CustomBottomSheetBehavior/issues/68,Parallax effect and Merged AppBar problems,scroll,"Backdrop element doesn't move always, some times it freezes anywhere in the middle when changing from COLLAPSED to ANCHOR_POINT and reverse. In addition the MergedAppBarLayoutBehavior behaves similar when changing from EXPANDED to ANCHOR_POINT.",swipe_region
https://github.com/yarolegovich/DiscreteScrollView/issues/159,RTL scroll issue with Android 9(API 28),scroll,RTL scrolling issue,scroll
https://github.com/VinylMusicPlayer/VinylMusicPlayer/issues/1265,x,scroll,Scroll down,scroll
https://github.com/VinylMusicPlayer/VinylMusicPlayer/issues/1260,APAXCO,scroll,Scroll down to '....',scroll
https://github.com/hidroh/materialistic/issues/736,Long comment scrolling glitch for pre API 24 devices,scroll,Every time I try to scroll comments section,scroll
https://github.com/kaaass/ZerotierFix/issues/10,节点列表中不停下拉刷新10次以上返回主界面闪退,scroll,节点列表中不停下拉刷新10次以上返回主界面会闪退,swipe
https://github.com/SundeepK/CompactCalendarView/issues/82,Doesn't scroll properly inside ViewPager,scroll,CompactCalendarView control doesn't scroll properly - ViewPager scrolls instead of calendar.,scroll
https://github.com/noties/Scrollable/issues/59,Header reappears on top when returning to fragment that has been scrolled down.,scroll,When scrolling down and hitting a button at the bottom of the recycler view a new fragment is added to the stack. When returning to the original fragment that has the scrollable layout the header appears at the top even though the recycler view is still scrolled to the bottom.,scroll
https://github.com/noties/Scrollable/issues/35,Ghost click events propagated to the scrolling view,scroll,"If UP event received when `getScrollY()` == mMaxScrollY, click event is propagated to the scrolling view",scroll
https://github.com/figonzal1/LastQuakeChile/issues/51,Paginación fallida después de recarga manual,scroll,Hacer scroll varias veces para cargar varias paginas de la lista. Continuar haciendo scroll.,scroll
https://github.com/cuore-mm/Slevo/issues/255,[Bug] スレッドのツールバーの挙動を修正,scroll,最下部までスクロールしたときの挙動が不自然,scroll
https://github.com/cuore-mm/Slevo/issues/458,[Bug] スレッド画面をスクロールしていると、たまに隣のタブに切り替わる,scroll,スレッド画面を上下にスクロールしていると、たまに隣のタブにスワイプで切り替わるような挙動が発生する。,scroll
https://github.com/blinder-23/blindar-android/issues/23,[Bug] 9월 8일 이후의 식단이 보이지 않음,scroll,9월 8일 이후의 식단이 보이지 않음 (Diet after September 8th is not visible),unclear
https://github.com/goldy1992/Mp3Player/issues/108,Resolve notification bar issue,swipe,WHEN: The media player is playing and the app is removed from the current tasks,swipe
https://github.com/ltguillaume/droidshows/issues/107,Pull-down gesture to update TV shows does not work on Android 12,swipe,"the gesture ""pull-down to update the TV shows"" does not work anymore.",swipe
https://github.com/Elnix90/Dragon-Launcher/issues/455,[BUG] open rootnest by default no longer works,swipe,swipe nest thinking you're in root nest but you actually arent,swipe
https://github.com/EmmaTellblom/Mensinator/issues/183,Bug: Calendar Selection Persists When Switching Months,swipe,Switch to a different month.,swipe
https://github.com/Markel15/FlowState/issues/24,Flicker of a task initially not visible in the viewport on deletion/completion,swipe,swiped to delete,swipe
https://github.com/LanRhyme/ReveriePaint/issues/35,笔刷在调试笔刷界面的试画栏是断开的,swipe,笔刷在调试笔刷界面的试画栏是断开的 (The brush is disconnected in the test drawing area of the brush debugging interface),swipe
https://github.com/dhilipmpms/NovaDial/issues/84,Weird behavior when I'm on the call (unable to see Notifications),swipe,"if I try to swipe down to view the ""Notifications""",swipe_region
https://github.com/warting/android-signaturepad/issues/208,se.warting.signatureview.views.SignaturePad.addBezier - NullPointerException,swipe,at se.warting.signatureview.views.SignaturePad.onTouchEvent(SignaturePad.kt:250),swipe
https://github.com/hxreborn/punch-hole-download-progress/issues/51,System UI lagging,swipe,"QS are slow to pull down, and my sidebar app tray is slow to pop up.",swipe_region
https://github.com/stoatchat/for-android/issues/21,bug: App becomes stuck loading when force quitting in saved notes,swipe,swiping it up,swipe
https://github.com/soupslurpr/BeauTyXT/issues/47,Settings navigation out of order when using talkback,swipe,going to the next item after the pitch black background setting is the back button,swipe
https://github.com/jenly1314/UltraSwipeRefresh/issues/8,loadMoreEnabled = false后，下拉刷新的行为变得很奇怪,swipe,下拉的部分会随着手指上下缩小,swipe
https://github.com/ThomasGaubert/zephyr/issues/62,v2.0 Android app suggestion regarding the persistent notification and shutting down,swipe,when I dismiss the app from the android system (open the app history and dismiss it) the notification remains and is not something I can swipe to dismiss.,swipe
https://github.com/androidx/media/issues/3445,Memory leak in DefaultPreloadManager,swipe,Swipe across the video clips for one minute.,swipe
https://github.com/AnySoftKeyboard/AnySoftKeyboard/issues/3405,Gesture-Typing does not work for words starting with an umlaut,swipe,swipe any german word starting with an umlaut,swipe
https://github.com/Etar-Group/Etar-Calendar/issues/353,Year 2038 problem (32 bit unix time rollover),swipe,flipping to the next page goes to december 1969,swipe
https://github.com/ukanth/afwall/issues/1451,[ISSUE] 4.01: Pull to refresh when list is empty does not work yet.,swipe,Tried to swipe down in the log view,swipe
https://github.com/BlackyHawky/Clock/issues/729,Impossible to close or snooze alarms,swipe,"I try to swipe to snooze or stop the alarm, but nothing happens",swipe
https://github.com/ReSo7200/InstaEclipse/issues/211,[BUG] Download button exclusively saves the first image in carousel (multi-photo) posts,swipe,"Swipe right to view the 2nd, 3rd, or any subsequent photo.",swipe
https://github.com/react-native-share/react-native-share/issues/1747,Share.open + WhatsApp can get stuck after swipe-down on preview,swipe,"In WhatsApp preview/compose screen, dismiss with swipe-down.",swipe
https://github.com/JonasBernard/FakeStandby/issues/86,Exit not working on GrapheneOS on a Pixel 8.,swipe,swiping up exit the blank screen,swipe
https://github.com/alexvasilkov/GestureViews/issues/115,"IllegalStateException: ""You should call enter(...) before calling exit(...)""",swipe,at android.support.v4.view.ViewPager.onTouchEvent (ViewPager.java:2255),swipe
https://github.com/cymcsg/UltimateRecyclerView/issues/147,java.lang.IllegalStateException: Added View has RecyclerView as parent but view is not a real child. Unfiltered index:0,swipe,SimpleItemTouchHelperCallback.onSwiped,swipe
https://github.com/yuyakaido/CardStackView/issues/114,Bug when setting SelectableItemBackground,swipe,disables the swiping effect,swipe
https://github.com/yuyakaido/CardStackView/issues/228,onCardSwiped always returns bottom?,swipe,onCardSwiped,swipe
https://github.com/Devlight/NavigationTabBar/issues/24,pagerview not working properly when we r implementing on fragment,swipe,if we initially start swapping then touch is not working on bottom bar item and if we initially start with touch then swap is not work.,swipe
https://github.com/soumikshah/Plutus-InvestmentTracker/issues/25,Remove long press edit and delete dialogbox,long_press,Remove long press edit and delete dialogbox,long_press
https://github.com/Funput/Funput/issues/516,[Issue] IOS: xóa khi nhấn giữ bị delay,long_press,nhấn giữ phím xoá,long_press
https://github.com/SysAdminDoc/SwiftFloris/issues/24,Adding emoji-tags,long_press,Long-click an emoji f.e. 😃,long_press
https://github.com/PnX-SI/gn_mobile_occtax/issues/315,"Raccourci ""Nouveau relevé"" non fonctionnel",long_press,"maintenir le bouton de l'appli Occtax, et cliquer sur le raccourci ""Nouveau relevé""",long_press
https://github.com/VishnuSanal/Quotes/issues/5,App Shortcuts not working in Debug ,long_press,Long press on app icon,long_press
https://github.com/Elnix90/Dragon-Launcher/issues/442,"[BUG] icons that were customized to a custom icon pack take their color. But after changing the color of the pack, they do not change along with it.",long_press,Change an icon in the app drawer to a custom icon from that pack.,long_press
https://github.com/Hamza417/Felicity/issues/158,[Bug] Adding album to queue sorts songs alphabetically,long_press,Long press the cover of an album,long_press
https://github.com/yuga-hashimoto/openclaw-assistant/issues/165,"Long press home button says ""Please configure HTTP connection""",long_press,Long press home button,long_press
https://github.com/FredHappyface/Android.EweSticker/issues/76,"Bug: Gboard, holding the space button doesn't switch after reboot",long_press,hold down space button,long_press
https://github.com/wasi-master/wmkeyboard/issues/551,[BUG]: Issue with clipboard,long_press,long press on the address bar without expanding it,long_press
https://github.com/ahmmedrejowan/PdfReaderPro/issues/65,[Bug]: Text selection is not aligned with the text,long_press,Try to select a text in the file,long_press
https://github.com/inventory69/simple-notes-sync/issues/154,[BUG] Widget hangs if note contains too many lists,long_press,long press on home screen,long_press
https://github.com/jrpie/launcher/issues/280,"[bug] ""Edge width"" overlay flashes when first opening settings on fresh install",long_press,Long press to open settings>launcher.,long_press
https://github.com/caarmen/poet-assistant/issues/78,Crash in TextPopupMenu,long_press,android.widget.TextView.performLongClick,long_press
https://github.com/crowdin/mobile-sdk-android/issues/220,Inflating Views using Contexts wrapped by CrowdIn result in Resources$NotFoundExceptions,long_press,"Select text on a web page or text input field in order to trigger the system inflating a contextual window pop up (ie, Copy, Paste, etc) via long clicking, or double-tapping text.",long_press
https://github.com/PVOT-OSS/Messages/issues/112,[BUG] Blocking numbers makes the app crash,long_press,Select and hold on a conversation,long_press
https://github.com/ivaniskandar/shouko/issues/41,Assistant button does nothing if overridden on Andioid 12,long_press,when I hold the assistant button,long_press
https://github.com/ichenhe/wear-gallery/issues/4,手机端选中个数不正确,long_press,手机端长按选择图片时,long_press
https://github.com/pkmetski/riffle/issues/428,reader: user-created highlight silently fails to render (transient; restart fixes),long_press,creating a new user highlight on a book silently fails,long_press
https://github.com/flutter-package/flutter_scan/issues/50,Scan Random things and generate random string without scanning any barcode or Qr code,long_press,After holding scanner for 5-6 seconds,long_press
https://github.com/AnySoftKeyboard/AnySoftKeyboard/issues/2440,cannot change keyboard from compact en keypad is impossible,long_press,The menu on long press of enter key should always contain a button for switching layouts.,long_press
https://github.com/LawnchairLauncher/lawnchair/issues/7356,[Bug] API compatibility crashes on Android 8.1 Tablet: Widget Sheet (API 28) and App Popup Split Screen (API 29),long_press,Long-press an empty space on the home screen. / Long-press any app icon on the home screen or app drawer.,long_press
https://github.com/yuliskov/SmartTube/issues/6294,[BUG]: Removed video stays in playlist until I leave and come back,long_press,Long press a video,long_press
https://github.com/cgeo/cgeo/issues/18437,Filter settings lost on switching between advanced/basic filter mode,long_press,Long-press on filter button,long_press
https://github.com/qwq233/Nullgram/issues/342,[Bug] keepOnlineStatusAs 保持离线功能失效,long_press,长按实验性功能,long_press
https://github.com/fm-sys/pairdrop-android/issues/431,"[Bug] ""Send message"" dialog doesn't open up in the Android app",long_press,Long tap the paired device,long_press
https://github.com/jean-voila/FeurStagram/issues/99,[Bug]: Messages shortcut doesn't work,long_press,"long-tap on Instagram and tap ""Messages""",long_press
https://github.com/patzly/grocy-android/issues/913,Shortcuts broke in 3.8.1,long_press,long-press the icon,long_press
https://github.com/davideas/FlexibleAdapter/issues/676,Long click not recognized on Galaxy S8/S9 only if drag view with long click is enabled,long_press,Long click on the first item,long_press
https://github.com/mkulesh/microMathematics/issues/150,"When a text fragment is selected manually and copied, a magnifier overlay still be visible",long_press,When a text fragment is selected manually,long_press
https://github.com/mpiannucci/react-native-context-menu-view/issues/24,Pressables not working after context menu opened,long_press,"once you open the context menu once. In other words, your entire screen becomes unresponsive if you open a context menu that contains a pressable.",long_press
https://github.com/martinmimigames/little-file-explorer/issues/65,Unable to delete any file,long_press,Long press a file,long_press
https://github.com/VinylMusicPlayer/VinylMusicPlayer/issues/1231,Crash when selecting an album that has no tracks,long_press,Long press on an empty Unknown Album.,long_press
https://github.com/dergigi/boris-android/issues/266,[Bug]: WYSIWYG editor: selection anchors broken on lines mixing CJK characters with inline URLs,long_press,Attempt to select text starting or ending inside that mixed line (tap-and-drag across the range including both the CJK text and URL),drag_and_drop
https://github.com/Elnix90/Dragon-Launcher/issues/452,[BUG] Double Tap not working.,double_tap,Double tap on screen.,double_tap
https://github.com/LanRhyme/ReveriePaint/issues/58,[BUG] 严重：图层无法点击或极难点击,double_tap,部分图层极难点开，也无法双击进入设置,double_tap
https://github.com/rama-io/mako/issues/142,Double Click does Double Things,double_tap,Double Click the turn off the screen,double_tap
https://github.com/EdricChan03/studybuddy-android/issues/737,[Bug] `ModalBottomSheetFragment` doesn't persist items on configuration change,orientation,Rotate the screen,orientation
https://github.com/engindearing-projects/OmniTAK-Android/issues/272,Map partly black after the phone turns while another tab is open,orientation,Turn the phone to the other orientation. On the emulator: `adb emu rotate`.,orientation
https://github.com/engindearing-projects/OmniTAK-Android/issues/207,Landscape: settings screens without a scroll container are unusable,orientation,"In landscape, some settings screens become unusable",orientation
https://github.com/thecosmicfrog/LuasataGlance/issues/6,App occasionally crashes when screen is rotated many times in a short space of time,orientation,rotated several times in a short space of time,orientation
https://github.com/elimu-ai/appstore/issues/121,"When rotating device, the progressbar disappears [4-8h]",orientation,When rotating from landscape mode to portrait (or vice versa),orientation
https://github.com/PnX-SI/gn_mobile_occtax/issues/278,[2.7.1] Problème rotation des photos prises en mode portrait,orientation,photos prises en mode portrait,orientation
https://github.com/joh9911/Transpose/issues/12,"When the app resizes, app crash",orientation,When the app resizes,drag_and_drop
https://github.com/chickendude/Natibo/issues/9,Handle orientation changes.,orientation,orientation changes,orientation
https://github.com/Zeronfinity/CPfy/issues/83,Bug: Welcome dialog window not fully visible in small screen height,orientation,Open app in landscape mode,orientation
https://github.com/Zeronfinity/CPfy/issues/77,Some contents of about page get cut/hidden on landscape mode,orientation,Rotate device in landscape mode,orientation
https://github.com/czlucius/code-scanner/issues/34,[Crash]: RuntimeException after onboarding,orientation,rotate the screen *several* times,orientation
https://github.com/ct7ct7ct7/Android-VimeoPlayer/issues/7,video not playing in full screen in landscape (google pixel 2 xl),orientation,video not playing in full screen in landscape mode,orientation
https://github.com/gentlecat/counter/issues/43,Counter hardly visible on dark theme with landscape orientation,orientation,when the screen switches to landscape orientation,orientation
https://github.com/pilot51/voicenotify/issues/172,"Voice notifications are interrupted by shaking, although this option is turned off",orientation,voice notifications are interrupted by shaking,unclear
https://github.com/seaglade/Sobriety/issues/35,Duplicate set of cards created when switching screen orientation,orientation,If I turn my phone and it switches from portrait to landscape (or vice versa),orientation
https://github.com/jphp-group/jphp-android/issues/1,вертел я ваш экран,orientation,вертел экран,orientation
https://github.com/r0adkll/Campfire/issues/1133,[Bug]: Turn Campfire Landscape squashes the book playing into a box,orientation,Rotate phone landscape,orientation
https://github.com/sk2andy/candy-browser/issues/235,[BUG] Various Issues I found,orientation,Turn on rotation in mobile... The open it in landscape,orientation
https://github.com/ahmmedrejowan/PdfReaderPro/issues/73,[Bug]: Landscape mode,orientation,Open landscape mode,orientation
https://github.com/enteraname74/SoulSearching/issues/15,Landscape mode have the next button much much smaller than the previous and play/pause one,orientation,Landscape mode,orientation
https://github.com/pacien/tincapp/issues/118,Disconnect when changing screen orientation,orientation,"When im connected and rotate the phone, the VPN disconnects.",orientation
https://github.com/sreichholf/dreamDroid/issues/113,Streaming recording orientation handling,orientation,an orientation change while streaming a recording,orientation
https://github.com/timbru31/cordova-plugin-lottie-splashscreen/issues/4,Animation does not correctly resize on rotate,orientation,on rotate,orientation
https://github.com/acristescu/OnlineGo/issues/131,Bad layout on Fold 3 large screen,orientation,"VS another player in portrait mode is unusable, as the game detail elements are all over the board Landscape mode is pretty much good",orientation
https://github.com/jrpie/launcher/issues/201,[bug] Clock doesn't resize to fit bounding box,orientation,Rotate your phone,orientation
https://github.com/cvzi/darkmodewallpaper/issues/65,Full screen-to-Home Screen Wallpaper Display Bug,orientation,"When holding the phone horizontally and tapping the home button that appears while in full screen watching a video, the wallpaper will glitch and be displayed horizontally on the vertical home screen instead.",orientation
https://github.com/vrcm-team/VRCM/issues/58,从竖横屏切换时更新公告会重新弹出,orientation,APP从竖屏切到横屏时会重新出现，再次点击忽略后，从横屏切换至竖屏也会重新出现,orientation
https://github.com/sfortis/massdroid_native/issues/39,Some layout related issues,orientation,"In Landscape-mode, the player on the bottom is constantly covered by the navigation-bar.",orientation
https://github.com/caarmen/poet-assistant/issues/136,Crash when searching then rotating,orientation,Rotate the device,orientation
https://github.com/d4rken-org/airplanes-live-app/issues/121,AR View: Overlay points in wrong direction (often ~180° off); compass calibration doesn't help,orientation,AR View: Overlay points in wrong direction (often ~180° off),none
https://github.com/Manabu-GT/DebugOverlay-Android/issues/257,[BUG] Landscape orientation on small device,orientation,Landscape orientation,orientation
https://github.com/MobileFirstLLC/irregular-expressions/issues/89,landscape MainActivity,orientation,landscape MainActivity,orientation
https://github.com/GustavoASantos/Noti/issues/10,showing progress even in landscape mode,orientation,it still shows up in landscape mode. ... I still use landscape mode while watching YouTube videos.,orientation
https://github.com/metabrainz/listenbrainz-android/issues/740,"App crashes when tapping on ""CreatedForYou"" in landscape mode.",orientation,Switch to landscape mode,orientation
https://github.com/nanihadesuka/LazyColumnScrollbar/issues/42,List state issue while changing config ,orientation,changing config,orientation
https://github.com/AndraxDev/speak-gpt/issues/116,Bug: low assistant window when called while in landscape,orientation,when called while in landscape,orientation
https://github.com/Adventech/sabbath-school-android/issues/245,Tablet landscape mode login screen,orientation,Tablet landscape view of the login screen,orientation
https://github.com/Adventech/sabbath-school-android/issues/177,Bible Screen in Landscape,orientation,landscape View,orientation
https://github.com/wbrawner/SimpleMarkdown/issues/159,Rotating the device reloads content,orientation,Rotate your device,orientation
https://github.com/Hamza417/Positional/issues/4,Compass' azimuth value error by 180 degrees when device' screen is facing down,orientation,device' screen is facing down,orientation
https://github.com/subchannel13/EnchantedFortress/issues/50,Enchanted fortress app crashes when I click on any option in landscape mode.,orientation,Rotate your phone in landscape mode.,orientation
https://github.com/chat21/chat21-android-demo/issues/12,The crash app during the photo submission process changes the screen rotation to landscape mode,orientation,"After approving the image submission.protect screen rotation changes to landscape mode, the application will crash.",orientation
https://github.com/markmcavoy/androidtoken/issues/21,Menu icon in toolbar is hidden after pin,orientation,Going into landscape mode and back to portrait,orientation
https://github.com/TrackerControl/tracker-control-android/issues/781,Apps list keeps the widescreen 64dp side padding after rotating back to portrait,orientation,rotate to portrait,orientation
https://github.com/CatimaLoyalty/Android/issues/3038,"Widget: after rotation, card view switches to previously opened card (Card Shortcut widget)",orientation,Rotate the phone to landscape.,orientation
https://github.com/ionic-team/capacitor-plugins/issues/1446,@capacitor/screen-orientation: iOS: orientation() and screenOrientationChange event report orientation change although orientation is locked,orientation,when the device is rotated,orientation
https://github.com/Dimezis/BlurView/issues/17,There is an offset at the boundray between blured part an un-blured part [see screenshots],orientation,Sometimes the offset is gone after change the orientation of device.,unclear
https://github.com/fm-sys/pairdrop-android/issues/435,Landscape layout hides action buttons on server error screen,orientation,Rotate the device to landscape mode.,orientation
https://github.com/fr3ts0n/AndrOBD/issues/88,Orientation bug in Gauges view ,orientation,Now change orientation of Your device from previous to perpendicular.,orientation
https://github.com/apache/cordova-plugin-inappbrowser/issues/322,Cordova Inappbrowser adds a grey block on orientation change,orientation,"On orientation change, from portrait to landscape",orientation
https://github.com/jcarolus/android-chess/issues/10,Puzzle mode crashes when I rotate to landscape mode,orientation,rotate the phone to landscape,orientation
https://github.com/hardcore-sushi/DroidFS/issues/431,Changing orientation during  imlages slide show stops the slide show,orientation,changing the phone orientation,orientation
https://github.com/JonasBernard/FakeStandby/issues/30,[BUG] App crashes when rotating the screen,orientation,"the app crashes when rotating the screen ... We suggest using a double rotation (starts in portrait, goes to landscape, and back to portrait)",orientation
https://github.com/getActivity/Toaster/issues/142,[Bug]：横屏时，如果字体过大文字过多，会宽度缩短，自动换行，一行显示不了几个字,orientation,横屏时,orientation
https://github.com/Tencent/Shadow/issues/1384,Android15系统下vivo的pad切换横竖屏崩溃,orientation,在切换横竖屏的时候会出现,orientation
https://github.com/VEINHORN/ScrollGalleryView/issues/29,Nullpointer in HackyViewPager,orientation,Happens during device rotation,orientation
https://github.com/pwittchen/ReactiveNetwork/issues/87,Unregister receiver crash for Pre-Lollipop devices,orientation,when rotating the device,orientation
https://github.com/bttv-android/bttv/issues/720,Variable Refresh Rate,orientation,While watching a stream in landscape mode it always uses 120hz refresh rate.,orientation
https://github.com/Devlight/NavigationTabBar/issues/8,onConfigurationChanged ui bug,orientation,In orientation changed,orientation
https://github.com/leinardi/FloatingActionButtonSpeedDial/issues/139,Orientation change issue,orientation,Change to landscape mode: all is good. FABS displayed horizontally without labels Back to protrait: Problem: FABS are displayed vertically but the labels are missing.,orientation
https://github.com/michael-rapp/ChromeLikeTabSwitcher/issues/3,Landscape overflow renders incorrectly,orientation,In landscape mode,orientation
https://github.com/kb-1000/android-torchlight/issues/11,Torchlight goes off suddenly and refuse to come up,orientation,Rotate phone to landscape,orientation
https://github.com/ThothDroid/Egyptian_Writer/issues/2,ThothView draws hieroglyphs in a weird way,orientation,Rotating the device while being in the `DocumentEditorActivity` causes the [`ThothView`](https://github.com/cristmasbox/THOTH) to draw the signs in a weird way,orientation
https://github.com/blackboxembedded/WunderLINQ-Android/issues/229,Dashboard doesn't follow display orientation,orientation,"but in landscape mode, it keeps the same orientation and doesn't rotate as expected",orientation
https://github.com/synyx/MeeRoo/issues/35,Keep selected fragment on orientation change,orientation,on orientation change,orientation
https://github.com/ByteSculptor07/QuilloNotes/issues/24,bottom navigation bar not visible in portrait mode,orientation,bottom navigation bar not visible in portrait mode,orientation
