source,url,keyword_tier,keyword_category,llm_label,llm_evidence,verified_label
GitHub issues (v1 sample),https://github.com/kylecorry31/Trail-Sense/issues/3763,complex,pinch_zoom,pinch_zoom,Zoom in far,
GitHub issues (v1 sample),https://github.com/JackEblan/YagniLauncher/issues/835,complex,drag_and_drop,drag_and_drop,quickly move the new widget or shortcut,
GitHub issues (v1 sample),https://github.com/JackEblan/YagniLauncher/issues/824,complex,drag_and_drop,drag_and_drop,When dragging to show folder,
GitHub issues (v1 sample),https://github.com/JetBrains/compose-multiplatform/issues/56,complex,drag_and_drop,drag_and_drop,dragging it to another monitor,
GitHub issues (v1 sample),https://github.com/mihonapp/mihon/issues/3463,complex,quick_tap,quick_tap,"Tap to open the menu (while scrolling) ... The menu doesn't open ... When invoking the menu while reading a chapter through tapping, the menu appears very slowly even under highest sensitivity, when scrolling it would take you to stop and tap, so tapping twice which is inefficient",
GitHub issues (v1 sample),https://github.com/IacobIonut01/ReFra/issues/972,complex,pinch_zoom,pinch_zoom,"But when I use a zoom-out gesture on the image, it regains its natural, normal sharpness!",
GitHub issues (v1 sample),https://github.com/IacobIonut01/ReFra/issues/940,complex,pinch_zoom,swipe_region,#922 no animation when back swiping slowly,
GitHub issues (v1 sample),https://github.com/IacobIonut01/ReFra/issues/956,complex,pinch_zoom,pinch_zoom,Croping still zoom ins if the crop box is out of bounds,
GitHub issues (v1 sample),https://github.com/leonlatsch/Photok/issues/605,complex,swipe_region,swipe_region,seeking is disabled,
GitHub issues (v1 sample),https://github.com/KashCal/KashCal/issues/251,complex,drag_and_drop,swipe_region,"Drag the ""Working Hours"" slider",
GitHub issues (v1 sample),https://github.com/mardous/BoomingMusic/issues/439,complex,drag_and_drop,swipe_region,"Dragging it across most of the bar has no effect, but it suddenly starts responding in the first ~10%.",
GitHub issues (v1 sample),https://github.com/mardous/BoomingMusic/issues/435,complex,drag_and_drop,swipe_region,Change the left-right balance to something other than center,
GitHub issues (v1 sample),https://github.com/fcitx5-android/fcitx5-android/issues/841,complex,drag_and_drop,drag_and_drop,drag it to be the first item in the list,
GitHub issues (v1 sample),https://github.com/anilbeesetti/nextplayer/issues/1713,complex,swipe_region,swipe_region,Slide through seekbar,
GitHub issues (v1 sample),https://github.com/anilbeesetti/nextplayer/issues/1705,complex,swipe_region,swipe_region,The Seekbar should respond to the touch and seek to the dragged position of the video.,
GitHub issues (v1 sample),https://github.com/pynicolas/FairScan/issues/152,complex,multi_touch,pinch_zoom,Zoom at the maximum level,
GitHub issues (v1 sample),https://github.com/HabitRPG/habitica-android/issues/2163,complex,quick_tap,quick_tap,taps could be made in rapid succession,
GitHub issues (v1 sample),https://github.com/yschimke/compose-ai-tools/issues/1360,complex,pinch_zoom,multi_touch,"Two-finger interactions in `live=true` recordings always merge into one pointer, so pinch/rotate gestures never reach Compose as simultaneous pointers",
GitHub issues (v1 sample),https://github.com/ssalggnikool/Navic/issues/402,complex,quick_tap,quick_tap,Quickly tap the miniplayer while the sheet is closing,
GitHub issues (v1 sample),https://github.com/FossifyOrg/Notes/issues/59,complex,drag_and_drop,drag_and_drop,Long tap an unchecked item and try to reorder the list by dragging it,
GitHub issues (v1 sample),https://github.com/FossifyOrg/Notes/issues/66,complex,quick_tap,quick_tap,Quickly check 2 items in rapid succession,
GitHub issues (v1 sample),https://github.com/Radiokot/photoprism-android-client/issues/118,complex,pinch_zoom,pinch_zoom,try to zoom with 2-finger-gestue,
GitHub issues (v1 sample),https://github.com/FossifyOrg/Voice-Recorder/issues/82,complex,swipe_region,swipe_region,"Try to seek the recording playback, for instance to listen to a portion again. Observe how easy it is to swipe to another page instead. At least swiping the area around the seekbar should not end up swiping to the other screens.",
GitHub issues (v1 sample),https://github.com/FossifyOrg/Paint/issues/163,complex,drag_and_drop,swipe_region,Drag on the square,
GitHub issues (v1 sample),https://github.com/FossifyOrg/Paint/issues/125,complex,pinch_zoom,pinch_zoom,"This happens typically after first drawing something with pencil and then zooming out with 2 fingers. ... doing lot of 2 finger pinch zooms in and out and drawing in different zooming factors, sometimes panning (moving 2 fingers to any directions), and then rotating the device so that auto-rotate happens you have high change of running into this bug.",
GitHub issues (v1 sample),https://github.com/FossifyOrg/Paint/issues/25,complex,pinch_zoom,pinch_zoom,Zoom in/out,
GitHub issues (v1 sample),https://github.com/FossifyOrg/Camera/issues/23,complex,pinch_zoom,pinch_zoom,zoom in,
GitHub issues (v1 sample),https://github.com/FossifyOrg/Gallery/issues/318,complex,pinch_zoom,pinch_zoom,zoom in,
GitHub issues (v1 sample),https://github.com/jarnedemeulemeester/findroid/issues/1235,complex,swipe_region,swipe_region,Swipe up from the bottom center of the screen,
GitHub issues (v1 sample),https://github.com/googlemaps/android-maps-compose/issues/876,complex,pinch_zoom,pinch_zoom,zoom in and out of the area with clusters,
GitHub issues (v1 sample),https://github.com/PranshulGG/WeatherMaster/issues/911,simple,long_press,drag_and_drop,Drag any widget to home screen,
GitHub issues (v1 sample),https://github.com/ximeiorg/Xime/issues/258,simple,swipe,swipe_region,swipe down on the `W` key,
GitHub issues (v1 sample),https://github.com/patrykandpatrick/vico/issues/1025,simple,scroll,pinch_zoom,The performance is very laggy when scrolling and zooming,
GitHub issues (v1 sample),https://github.com/dessalines/thumb-key/issues/1849,simple,swipe,swipe_region,Attempt to swipe right on the bottom left key.,
GitHub issues (v1 sample),https://github.com/1372Slash/Zenith/issues/28,simple,swipe,quick_tap,Quickly swipe up and then back down with navigation bar,
GitHub issues (v1 sample),https://github.com/premnirmal/StockTicker/issues/450,simple,scroll,drag_and_drop,Add to home screen,
GitHub issues (v1 sample),https://github.com/panpf/zoomimage/issues/114,simple,scroll,pinch_zoom,"If I zoom-in the image and then start to scroll, some tiles will fail to load",
GitHub issues (v1 sample),https://github.com/panpf/zoomimage/issues/85,simple,double_tap,quick_tap,"The onTap event response was delayed by approximately 300ms, and it was triggered approximately 300ms after clicking on the CoilZoomSyncImage component, rather than immediately after clicking. I guess this may be related to the double-click logic",
GitHub issues (v1 sample),https://github.com/DP-Hridayan/aShellYou/issues/262,simple,scroll,drag_and_drop,"When the window is resized, the elements render over one another. ... That becomes even worse if I continue to reduce its size",
GitHub issues (v1 sample),https://github.com/keymapperorg/KeyMapper/issues/2164,simple,long_press,quick_tap,Double-press the set volume button,
GitHub issues (v1 sample),https://github.com/IacobIonut01/ReFra/issues/999,simple,swipe,swipe_region,Swipe diagonally from top-left or top-right corner on Samsung device.,
GitHub issues (v1 sample),https://github.com/anilbeesetti/nextplayer/issues/1695,simple,double_tap,swipe_region,Not on the bottom slider or anywhere.,
GitHub issues (v1 sample),https://github.com/CymChad/BaseRecyclerViewAdapterHelper/issues/3790,simple,scroll,drag_and_drop,拖动之后数据是不对的,
GitHub issues (v1 sample),https://github.com/Nain57/Smart-AutoClicker/issues/850,simple,orientation,drag_and_drop,Re-run that placement after drag release so the panel does not stay clipped after the user moves the toolbar.,
GitHub issues (v1 sample),https://github.com/ThibaultBee/StreamPack/issues/253,simple,swipe,picker_scroll,In camera demo set fps to anything other than 30fps,
GitHub issues (v1 sample),https://github.com/Radiokot/photoprism-android-client/issues/90,simple,scroll,swipe_region,when using the scroll bar to scrolling into a date,
GitHub issues (v1 sample),https://github.com/FossifyOrg/Contacts/issues/547,simple,scroll,picker_scroll,Birthday year field isn't scrollable,
GitHub issues (v1 sample),https://github.com/FossifyOrg/Contacts/issues/517,simple,scroll,picker_scroll,Can't scroll back more than 2 years,
GitHub issues (v1 sample),https://github.com/android/nav3-recipes/issues/254,simple,orientation,swipe_region,Do a flick of the back gesture from left edge of screen,
GitHub issues (v1 sample),https://github.com/jarnedemeulemeester/findroid/issues/1199,simple,swipe,swipe_region,Try to initiate swipe to trickplay or seek to trickplay,
GitHub issues (v1 sample),https://github.com/apoorvdarshan/fud-ai/issues/50,simple,swipe,swipe_region,"the swipe to like/ delete function is a little too sensitive for me, i accidentally deleted a few entries.",
GitHub issues (v1 sample),https://github.com/Waboodoo/HTTP-Shortcuts/issues/548,none,none,drag_and_drop,i placed a widget on the homescreen,
GitHub issues (v1 sample),https://github.com/GeorgeClensy/Escape-Launcher/issues/60,none,none,drag_and_drop,Reorganize apps via in any way,
GitHub issues (v1 sample),https://github.com/slackhq/circuit/issues/1445,none,none,quick_tap,"rapid event/state changes through the presenter can be ""dropped""",
GitHub issues (v1 sample),https://github.com/GetStream/stream-chat-android/issues/6172,none,none,quick_tap,Quickly tapping on audio messages,
GitHub issues (v1 sample),https://github.com/LeanBitLab/LeanType/issues/197,none,none,swipe_region,when ı try to draw some letters,
GitHub issues (v1 sample),https://github.com/anilbeesetti/nextplayer/issues/1689,none,none,swipe_region,Seek forward couple of times,
GitHub issues (v1 sample),https://github.com/arkivanov/Decompose/issues/862,none,none,quick_tap,When a user rapidly switches between tabs,
GitHub issues (v1 sample),https://github.com/the-blue-alliance/the-blue-alliance-android/issues/1081,none,none,swipe_region,predictive back gestures,
GitHub issues (v2 sample),https://github.com/raulshma/jellyplay/issues/89,complex,pinch_zoom,pinch_zoom,using two fingers to reframe the video (zoom in and out),
GitHub issues (v2 sample),https://github.com/SysAdminDoc/SwiftFloris/issues/23,complex,drag_and_drop,drag_and_drop,Drag the bars and watch keyboard behaviour.,
GitHub issues (v2 sample),https://github.com/Tanish-Ranjan/crop-kit/issues/5,complex,drag_and_drop,drag_and_drop,App crashes when trying to drag the cropper component. Simply try to drag the cropper.,
GitHub issues (v2 sample),https://github.com/stipop-development/stipop-android-sdk/issues/9,complex,drag_and_drop,drag_and_drop,My stickers tab drag and drop sorting issue.,
GitHub issues (v2 sample),https://github.com/rygelouv/Tanga/issues/55,complex,drag_and_drop,swipe_region,"When seeking the audio bar to a certain point, the progress goes back for a moment before returning the position where the user has dragged it to.",
GitHub issues (v2 sample),https://github.com/quaap/LaunchTime/issues/27,complex,drag_and_drop,drag_and_drop,Dragging a search result into the desired category,
GitHub issues (v2 sample),https://github.com/quaap/LaunchTime/issues/31,complex,drag_and_drop,drag_and_drop,dragging an item,
GitHub issues (v2 sample),https://github.com/quaap/LaunchTime/issues/19,complex,drag_and_drop,drag_and_drop,dragging a larger appwidget to a category,
GitHub issues (v2 sample),https://github.com/HenriDellal/emerald/issues/49,complex,drag_and_drop,drag_and_drop,Dragging the scroll box anywhere causes lags,
GitHub issues (v2 sample),https://github.com/dofire/Floating-Bubble-View/issues/50,complex,drag_and_drop,drag_and_drop,"Drag the popup sideways for example
2. Drop the popup to be placed",
GitHub issues (v2 sample),https://github.com/dofire/Floating-Bubble-View/issues/42,complex,drag_and_drop,drag_and_drop,Move bubble to the right side of the screen,
GitHub issues (v2 sample),https://github.com/nanihadesuka/NovelDokusha/issues/149,complex,drag_and_drop,drag_and_drop,I can't drag the cursor down or up,
GitHub issues (v2 sample),https://github.com/SoltauFintel/blockpuzzle/issues/23,complex,drag_and_drop,drag_and_drop,Dragging an game piece the icon becomes a blur effect and the size is wrong.,
GitHub issues (v2 sample),https://github.com/MohamedRejeb/Compose-Interactive-Gamepad/issues/1,complex,drag_and_drop,drag_and_drop,when you drag the joystick on the X axis,
GitHub issues (v2 sample),https://github.com/r0adkll/Campfire/issues/945,complex,drag_and_drop,swipe_region,Drag the slider.,
GitHub issues (v2 sample),https://github.com/chmouel/liseur/issues/257,complex,drag_and_drop,drag_and_drop,"Attempt to drag the ""selection handles"" to extend the selection",
GitHub issues (v2 sample),https://github.com/chmouel/liseur/issues/206,complex,pinch_zoom,drag_and_drop,Try to drag either boundary handle to extend or shrink it.,
GitHub issues (v2 sample),https://github.com/damontecres/StashAppAndroidTV/issues/763,complex,drag_and_drop,swipe_region,dragging the seek bar forward or backward,
GitHub issues (v2 sample),https://github.com/hxreborn/punch-hole-download-progress/issues/102,complex,pinch_zoom,pinch_zoom,The two finger pinch for zoom and unzoom doesn't work.,
GitHub issues (v2 sample),https://github.com/mvmike/min-cal-widget/issues/51,complex,drag_and_drop,drag_and_drop,Dragging the widget makes it disappear on release,
GitHub issues (v2 sample),https://github.com/darkokoa/compose-datetime-wheel-picker/issues/19,complex,picker_scroll,picker_scroll,WheelTimePicker,
GitHub issues (v2 sample),https://github.com/sureshfizzy/JellyCine/issues/46,complex,swipe_region,swipe_region,"The seek bar is super annoying to use , I can't skip ahead or go back by clicking anywhere.",
GitHub issues (v2 sample),https://github.com/X1nto/Mauth/issues/87,complex,quick_tap,quick_tap,spam clicking a button that navigates to a different screen,
GitHub issues (v2 sample),https://github.com/ev-map/EVMap/issues/373,complex,pinch_zoom,pinch_zoom,"as we zoom in, they disappear.",
GitHub issues (v2 sample),https://github.com/jherkenhoff/qalculate-android/issues/137,complex,drag_and_drop,swipe_region,tried to drag the cursor teardrop to the correct location. Instead the sidebar opening action takes precedence and you can't drag the cursor left/right.,
GitHub issues (v2 sample),https://github.com/willowtreeapps/vocable-android/issues/565,complex,quick_tap,quick_tap,Nothing happens until the user taps the trash icon again,
GitHub issues (v2 sample),https://github.com/JLindemann42/Atomic-Periodic-Table.Android/issues/30,complex,pinch_zoom,pinch_zoom,Zoom out,
GitHub issues (v2 sample),https://github.com/Greenstand/treetracker-android/issues/1265,complex,quick_tap,quick_tap,taps very quickly during screen transitions,
GitHub issues (v2 sample),https://github.com/screenlite/android-web-kiosk/issues/10,complex,pinch_zoom,pinch_zoom,he'll accidentally zoom in,
GitHub issues (v2 sample),https://github.com/firemaples/EverTranslator/issues/174,complex,drag_and_drop,drag_and_drop,ended up dragging the translator's panel under my cell phone,
GitHub issues (v2 sample),https://github.com/stefansundin/SSHRemote/issues/12,complex,drag_and_drop,drag_and_drop,dragging the shortcut to the home screen,
GitHub issues (v2 sample),https://github.com/anselm94/Torchie-Android/issues/10,complex,pinch_zoom,multi_touch,"Nova Launcher gestures that use two fingers, like dual swipe down or pinch",
GitHub issues (v2 sample),https://github.com/cgeo/cgeo/issues/15261,complex,pinch_zoom,pinch_zoom,Those caches that are loaded disappear when moving the map slightly or changing zoom levels.,
GitHub issues (v2 sample),https://github.com/MuntashirAkon/AppManager/issues/1518,complex,drag_and_drop,swipe_region,drag to to the last part of the song,
GitHub issues (v2 sample),https://github.com/fr3ts0n/AndrOBD/issues/275,complex,drag_and_drop,swipe_region,Drag the very finicky slider to extend the gauge range to about 250F,
GitHub issues (v2 sample),https://github.com/NeoApplications/Neo-Launcher/issues/324,complex,drag_and_drop,drag_and_drop,"it occured after i dragged an icon from one folder in ""cover mode"" to another",
GitHub issues (v2 sample),https://github.com/nikita36078/J2ME-Loader/issues/205,complex,multi_touch,multi_touch,Some games need multitouch,
GitHub issues (v2 sample),https://github.com/slapperwan/gh4a/issues/821,complex,picker_scroll,picker_scroll,"When selecting date for milestones using DatePicker, the app crashes",
GitHub issues (v2 sample),https://github.com/TachibanaGeneralLaboratories/download-navi/issues/96,complex,pinch_zoom,pinch_zoom,Pinch Zooming not working properly,
GitHub issues (v2 sample),https://github.com/VEINHORN/ScrollGalleryView/issues/46,complex,pinch_zoom,pinch_zoom,"if I perform a ""pinch to zoom"" action, I get an Exception",
GitHub issues (v2 sample),https://github.com/yuyakaido/CardStackView/issues/243,complex,drag_and_drop,drag_and_drop,cards can be dragged after the swipe begins,
GitHub issues (v2 sample),https://github.com/VinylMusicPlayer/VinylMusicPlayer/issues/1269,complex,drag_and_drop,swipe_region,Drag the timer down to 1 min,
GitHub issues (v2 sample),https://github.com/davemorrissey/subsampling-scale-image-view/issues/3,complex,pinch_zoom,pinch_zoom,Pinch and Zoom stop working,
GitHub issues (v2 sample),https://github.com/Jay-Goo/RangeSeekBar/issues/72,complex,swipe_region,swipe_region,touching the RSB,
GitHub issues (v2 sample),https://github.com/michael-rapp/ChromeLikeTabSwitcher/issues/23,complex,drag_and_drop,multi_touch,"start dragging to dismiss the topmost tab, drag it past the 50% mark, and while still holding the tab, invoke the system app switcher.",
GitHub issues (v2 sample),https://github.com/UnevenSoftware/LeafPic/issues/468,complex,pinch_zoom,pinch_zoom,pinch in/out,
GitHub issues (v2 sample),https://github.com/ligi/gobandroid/issues/90,complex,pinch_zoom,pinch_zoom,Is there a possibility to zoom out or to scroll the board?,
GitHub issues (v2 sample),https://github.com/unseensnick/Reikai/issues/49,simple,swipe,swipe_region,Slide and drag page to the end,
GitHub issues (v2 sample),https://github.com/hoppjan/mensa-sh-android/issues/103,simple,swipe,swipe_region,I cannot swipe to refresh anywhere but on the icon and text.,
GitHub issues (v2 sample),https://github.com/Elnix90/Dragon-Launcher/issues/422,simple,swipe,quick_tap,quickly swipe around to choose new app,
GitHub issues (v2 sample),https://github.com/Elnix90/Dragon-Launcher/issues/428,simple,swipe,swipe_region,"Is activated by swiping from an area of the screen in any direction. However, if an interactive element (widget or app icon) is placed in a particular area of one nest, starting the gesture from that same area in another nest does not activate the gesture",
GitHub issues (v2 sample),https://github.com/timusus/Shuttle2/issues/520,simple,scroll,quick_tap,"taps ""Up Next"" while the sheet animates",
GitHub issues (v2 sample),https://github.com/Earendel-lab/Tapbar/issues/6,simple,swipe,swipe_region,When swiping down from the right corner,
GitHub issues (v2 sample),https://github.com/jrpie/launcher/issues/77,simple,swipe,swipe_region,swipe up from the bottom of the screen,
GitHub issues (v2 sample),https://github.com/darkokoa/compose-datetime-wheel-picker/issues/106,simple,scroll,picker_scroll,Attempt to scroll the Year wheel past 2077.,
GitHub issues (v2 sample),https://github.com/REBEL-ROOT/omni-browser/issues/135,simple,scroll,swipe_region,"Tap on Scroll Bar
Scroll down and hold",
GitHub issues (v2 sample),https://github.com/caarmen/poet-assistant/issues/134,simple,scroll,quick_tap,very quickly scroll so that the word is just hidden,
GitHub issues (v2 sample),https://github.com/nanihadesuka/LazyColumnScrollbar/issues/38,simple,scroll,swipe_region,"horizontal dragging in vertical scrollbars... If we don't prevent the scrollbars for the horizontal gestures, it will scroll firstly and then navigate back",
GitHub issues (v2 sample),https://github.com/jakesgoodapps/DuoLauncher/issues/3,simple,swipe,swipe_region,Swipe down for notifocation,
GitHub issues (v2 sample),https://github.com/Bhuvaneshw/PdfViewer/issues/62,simple,scroll,pinch_zoom,When I zoom page,
GitHub issues (v2 sample),https://github.com/Bhuvaneshw/PdfViewer/issues/32,simple,scroll,swipe_region,PdfScrollBar$DragListenerY.onTouch,
GitHub issues (v2 sample),https://github.com/icerockdev/moko-media/issues/48,simple,swipe,swipe_region,close picker screen with swipe down,
GitHub issues (v2 sample),https://github.com/jaxparrow07/launchpad-search/issues/16,simple,swipe,swipe_region,swiping up from either sides of the nav bar,
GitHub issues (v2 sample),https://github.com/brarcher/budget-watch/issues/203,simple,long_press,quick_tap,press back quickly,
GitHub issues (v2 sample),https://github.com/Julow/Unexpected-Keyboard/issues/190,simple,swipe,quick_tap,Space's should be inserted when touching the space bar even when typing quickly.,
GitHub issues (v2 sample),https://github.com/LawnchairLauncher/lawnchair/issues/7321,simple,swipe,swipe_region,The notification panel swipe down gesture is broken,
GitHub issues (v2 sample),https://github.com/JonasBernard/FakeStandby/issues/48,simple,swipe,multi_touch,Swipe or tap with 4 fingers,
GitHub issues (v2 sample),https://github.com/alexvasilkov/GestureViews/issues/128,simple,double_tap,pinch_zoom,"Gestures are not working, like zoom or double click",
GitHub issues (v2 sample),https://github.com/alexvasilkov/GestureViews/issues/26,simple,swipe,swipe_region,once you swipe on top of WIKIART button,
GitHub issues (v2 sample),https://github.com/MonwF/customiuizer/issues/535,simple,swipe,swipe_region,"back gesture when an action is set in ""Controls -> Full screen navigation gestures -> Swipe across the screen...""",
GitHub issues (v2 sample),https://github.com/miguelhincapie/CustomBottomSheetBehavior/issues/30,simple,swipe,quick_tap,when user touches screen during fling,
GitHub issues (v2 sample),https://github.com/yuyakaido/CardStackView/issues/113,simple,orientation,drag_and_drop,when user drag cards image on cards not rotate properly,
GitHub issues (v2 sample),https://github.com/hidroh/materialistic/issues/842,simple,scroll,drag_and_drop,Re-position the navigation button,
GitHub issues (v2 sample),https://github.com/SundeepK/CompactCalendarView/issues/41,simple,scroll,picker_scroll,when you scroll kind of fast between months till another and another year,
GitHub issues (v2 sample),https://github.com/Tygb99/phonepad/issues/3,simple,scroll,drag_and_drop,moving cursor while holding the mouse left button,
GitHub issues (v2 sample),https://github.com/cloud-emoticon/cloudemoticon-android/issues/28,simple,swipe,swipe_region,Swipe-up from navigation bar didn't open the app.,
GitHub issues (v2 sample),https://github.com/alexvasilkov/GestureViews/issues/36,none,none,swipe_region,dragging out the drawer from the left,
GitHub issues (v2 sample),https://github.com/darkokoa/compose-datetime-wheel-picker/issues/112,none,none,quick_tap,"the user quickly selects a value and confirms, the new value will not be registered.",
GitHub issues (v2 sample),https://github.com/ashutoshgngwr/10-bitClockWidget/issues/24,none,none,drag_and_drop,"I can select the widget and view the placement area, then effectively nothing shows.",
GitHub issues (v2 sample),https://github.com/tigerduck-app/tigerduck-app-android/issues/64,none,none,drag_and_drop,下一堂課 widgets 應該要能壓縮成一格高; 課表 widgets 無法上下壓縮至小於四格; 下一堂課 widgets 無法調整高度,
GitHub issues (v2 sample),https://github.com/warleysr/dechainer/issues/14,none,none,quick_tap,tapping the second app immediately after opening Déchaîner's Accessibility page prevents the app's force-exit mechanism.,
GitHub issues (v2 sample),https://github.com/getActivity/EasyHttp/issues/286,none,none,quick_tap,连续拍照上传，这样操作，大概率能复现,
GitHub issues (v2 sample),https://github.com/stoatchat/for-android/issues/30,none,none,quick_tap,"i pressed the sign up button twice, causing me to receive 2 emails. additionally, i pressed the create server button once or twice, and it created 2 servers.",
GitHub issues (v2 sample),https://github.com/alexvasilkov/GestureViews/issues/107,none,none,pinch_zoom,Zoom not working,
GitHub issues (v2 sample),https://github.com/rinchao0721/Melodia/issues/16,none,none,swipe_region,左右两侧区域滑动无响应,
GitHub issues (v2 sample),https://github.com/saad2134/dosezy/issues/87,none,none,picker_scroll,Change the scheduled time from 08:00 to 09:00.,
GitHub issues (v2 sample),https://github.com/balysv/material-ripple/issues/10,none,none,quick_tap,minimum time frame between ACTION_DOWN and ACTION_CANCEL,
GitHub issues (v2 sample),https://github.com/EmmanuelMess/Simple-Accounting/issues/108,none,none,drag_and_drop,Swapping the Credit and Debit Columns,
GitHub fix PRs (v2 repos),https://github.com/accrescent/server/pull/669,complex,picker_scroll,drag_and_drop,fix | **drag-drop:** account for scale when setting free drag position,
GitHub fix PRs (v2 repos),https://github.com/SeCherkasov/SkerrySSH/pull/376,complex,drag_and_drop,drag_and_drop,drag a window over a static desktop,
GitHub fix PRs (v2 repos),https://github.com/SeCherkasov/SkerrySSH/pull/264,complex,drag_and_drop,drag_and_drop,Drag a window and release outside the picture — the drag ends.,
GitHub fix PRs (v2 repos),https://github.com/seijikohara/femto-car-launcher/pull/432,complex,multi_touch,multi_touch,a two-finger twist can no longer fight the follow camera,
GitHub fix PRs (v2 repos),https://github.com/Aryan447/mpvium/pull/38,complex,swipe_region,swipe_region,"Dragging e.g. 10:00 -> 12:20 parked the thumb on 12:20, snapped it back toward 10:00, then forward again.",
GitHub fix PRs (v2 repos),https://github.com/Aryan447/mpvium/pull/14,complex,swipe_region,swipe_region,Prevent seekbar scrubbing and short-video seeks from causing decoder stalls,
GitHub fix PRs (v2 repos),https://github.com/Aryan447/mpvium/pull/13,complex,swipe_region,swipe_region,"Drags and swipe-seeks issued a real mpv seek per motion event, queuing decoder flushes behind each other into a 1-2s stall on low-end devices",
GitHub fix PRs (v2 repos),https://github.com/Aryan447/mpvium/pull/12,complex,swipe_region,swipe_region,"Improve tablet seekbar seeking for smoother interaction, accurate positioning, and reliable playback state handling. Prevent seekbar thumbs from jumping backward or stuttering while taps and drags are being processed.",
GitHub fix PRs (v2 repos),https://github.com/Aryan447/mpvium/pull/10,complex,swipe_region,swipe_region,"Improve tablet seekbar responsiveness and reliability across taps, scrubbing, and vertical gestures.",
GitHub fix PRs (v2 repos),https://github.com/vitofico/quire/pull/132,complex,drag_and_drop,quick_tap,"The reader controls hide themselves 2.5 s after they appear, so a reader who opened them and took a moment to reach for the slider found them gone just as their finger came down.",
GitHub fix PRs (v2 repos),https://github.com/Tanish-Ranjan/crop-kit/pull/6,complex,drag_and_drop,drag_and_drop,moving or dragging the crop box,
GitHub fix PRs (v2 repos),https://github.com/stipop-development/stipop-android-sdk/pull/11,complex,drag_and_drop,drag_and_drop,'Store > My Sticker' drag and drop issue,
GitHub fix PRs (v2 repos),https://github.com/DongChyeon/TimePicker/pull/4,complex,picker_scroll,picker_scroll,Change 24 Hour TimePicker hour range to include 0,
GitHub fix PRs (v2 repos),https://github.com/maneeshacooray/Gitling/pull/77,complex,drag_and_drop,drag_and_drop,dragging text in from another app did nothing,
GitHub fix PRs (v2 repos),https://github.com/maneeshacooray/Gitling/pull/78,complex,drag_and_drop,drag_and_drop,"every typeable text field accepts dropped text. Drag-and-drop itself uses the same mechanism as #77, which was checked manually.",
GitHub fix PRs (v2 repos),https://github.com/LiveFastEatTrashRaccoon/RaccoonForLemmy/pull/469,complex,quick_tap,quick_tap,tapping twice on the back button can pop all entries from the backstack,
GitHub fix PRs (v2 repos),https://github.com/seaglade/Sobriety/pull/76,complex,picker_scroll,picker_scroll,select a date,
GitHub fix PRs (v2 repos),https://github.com/jeiel85/markleaf-android/pull/511,complex,pinch_zoom,pinch_zoom,zoomed (1.75–2.15x) they are 'very quick movements that come to an instant halt'.,
GitHub fix PRs (v2 repos),https://github.com/chmouel/liseur/pull/288,complex,drag_and_drop,drag_and_drop,dragging a selection handle near the top of a page,
GitHub fix PRs (v2 repos),https://github.com/chmouel/liseur/pull/245,complex,drag_and_drop,drag_and_drop,Dragging a selection handle sideways on a paginated book was contested by the reader's own page turn drag.,
GitHub fix PRs (v2 repos),https://github.com/Ivorisnoob/Koda/pull/233,complex,swipe_region,swipe_region,Scrub-bar drags,
GitHub fix PRs (v2 repos),https://github.com/Chethan616/ClearPDF/pull/15,complex,pinch_zoom,drag_and_drop,Selection handles couldn't be dragged in any direction.,
GitHub fix PRs (v2 repos),https://github.com/Chethan616/ClearPDF/pull/14,complex,drag_and_drop,swipe_region,Drag the new row-scrubber rail on a 500+ row sheet,
GitHub fix PRs (v2 repos),https://github.com/darkokoa/compose-datetime-wheel-picker/pull/144,complex,picker_scroll,picker_scroll,onSnappedDate fired twice when scrolling the month/year wheel; A single slow drag could fire onScrollFinished twice; precise one-item swipes,
GitHub fix PRs (v2 repos),https://github.com/darkokoa/compose-datetime-wheel-picker/pull/135,complex,picker_scroll,picker_scroll,"The collector keeps invoking the lambda captured at first composition, which closes over the user-supplied onSnappedDate / onSnappedDateChanged (or time equivalents) from that point — not the latest one. Note: this happens on every scroll snap.",
GitHub fix PRs (v2 repos),https://github.com/sureshfizzy/JellyCine/pull/88,complex,swipe_region,swipe_region,"Fix issue in scrubbing mode where image updates would only take effect when the user ""stops scrubbing""",
GitHub fix PRs (v2 repos),https://github.com/side-codes/anyColorPicker/pull/340,complex,drag_and_drop,swipe_region,the hue slider snapped back after being dragged to its left end,
GitHub fix PRs (v2 repos),https://github.com/side-codes/anyColorPicker/pull/339,complex,multi_touch,multi_touch,with two sliders under two fingers the first to finish answered for the one still moving,
GitHub fix PRs (v2 repos),https://github.com/nanihadesuka/LazyColumnScrollbar/pull/60,complex,drag_and_drop,swipe_region,"scroll and drag the thumb on LazyColumn, LazyRow and both staggered grids",
GitHub fix PRs (v2 repos),https://github.com/littlektframework/littlekt/pull/277,complex,multi_touch,multi_touch,multitouch controls to correctly track all the pointers,
GitHub fix PRs (v2 repos),https://github.com/stefansundin/SSHRemote/pull/23,complex,multi_touch,multi_touch,Two-Finger Pan,
GitHub fix PRs (v2 repos),https://github.com/TeamNewPipe/NewPipe/pull/11584,complex,swipe_region,swipe_region,preview bar was pulled to the end twice,
GitHub fix PRs (v2 repos),https://github.com/TeamNewPipe/NewPipe/pull/11596,complex,swipe_region,swipe_region,seekbar crashing on drag,
GitHub fix PRs (v2 repos),https://github.com/Etar-Group/Etar-Calendar/pull/1935,complex,picker_scroll,picker_scroll,Event date picker,
GitHub fix PRs (v2 repos),https://github.com/Etar-Group/Etar-Calendar/pull/1909,complex,picker_scroll,picker_scroll,datePicker,
GitHub fix PRs (v2 repos),https://github.com/testpress/android/pull/563,complex,pinch_zoom,pinch_zoom,pinch-to-zoom stopped working,
GitHub fix PRs (v2 repos),https://github.com/jonapoul/aktual/pull/1370,simple,scroll,swipe_region,Pull-to-refresh on the tags list,
GitHub fix PRs (v2 repos),https://github.com/Aryan447/mpvium/pull/57,simple,swipe,swipe_region,Prevent tablet video freezes after seeking by avoiding accidental swipe seeks,
GitHub fix PRs (v2 repos),https://github.com/mataku/SunsetScrob/pull/1112,simple,scroll,quick_tap,"the test slept a fixed 1s after tapping the Album tab, but on the software-rendered tablet emulator the HorizontalPager scroll was still in progress... so ""ZENITH"" was not yet clickable.",
GitHub fix PRs (v2 repos),https://github.com/SapuSeven/BetterUntis/pull/399,simple,swipe,swipe_region,drawer-opening with swiping,
GitHub fix PRs (v2 repos),https://github.com/darkokoa/compose-datetime-wheel-picker/pull/107,simple,scroll,picker_scroll,scrolling past that date,
GitHub fix PRs (v2 repos),https://github.com/side-codes/anyColorPicker/pull/367,simple,swipe,swipe_region,A tap that stops a fling moves nothing on a slider or a plane.,
GitHub fix PRs (v2 repos),https://github.com/VladimirWrites/Lemniscate/pull/17,simple,scroll,swipe_region,Lowering `precision` below the current starting point hung the UI thread. ... the precision slider started 10 points off its own mapping.,
GitHub fix PRs (v2 repos),https://github.com/Greenstand/treetracker-android/pull/1221,simple,double_tap,quick_tap,Rapid double-tap capture,
GitHub fix PRs (v2 repos),https://github.com/TeamNewPipe/NewPipe/pull/13732,simple,scroll,quick_tap,navigates back quickly after confirmation,
GitHub fix PRs (v2 repos),https://github.com/TeamNewPipe/NewPipe/pull/13594,simple,scroll,swipe_region,seeking to the end of special videos,
GitHub fix PRs (v2 repos),https://github.com/AnySoftKeyboard/AnySoftKeyboard/pull/4885,simple,swipe,swipe_region,Taps in the bottom nav-bar padding triggered swipe-down-to-hide once per MOVE event,
GitHub fix PRs (v2 repos),https://github.com/federicoiosue/Omni-Notes/pull/809,simple,swipe,drag_and_drop,swiping note from archive to trash,
GitHub fix PRs (v2 repos),https://github.com/hossain-khan/android-weather-alert/pull/514,simple,scroll,swipe_region,"Alert list items were too sensitive to swipe gestures, causing accidental deletions when users were simply scrolling up and down through the list.",
GitHub fix PRs (v2 repos),https://github.com/willowtreeapps/vocable-android/pull/573,none,none,quick_tap,race condition in updated phrase not immediately showing,
"F-Droid apps, GitLab/Codeberg",https://codeberg.org/jlmakiola/calendula/issues/290,complex,pinch_zoom,pinch_zoom,Now pinch the timeline with two fingers,
"F-Droid apps, GitLab/Codeberg",https://codeberg.org/jlmakiola/calendula/issues/253,complex,drag_and_drop,drag_and_drop,Drag it to another day.,
"F-Droid apps, GitLab/Codeberg",https://gitlab.com/ngrob/bluemoon-android/-/work_items/8,complex,picker_scroll,picker_scroll,date of the first intake is confirmed without selecting a different date on the date picker,
"F-Droid apps, GitLab/Codeberg",https://codeberg.org/nuclearfog/Apollo/issues/39,complex,drag_and_drop,drag_and_drop,"Touching and holding a track name on the left edge of the screen, sliding the track through the playlist and dropping it",
"F-Droid apps, GitLab/Codeberg",https://codeberg.org/toz/MediLog/issues/639,complex,pinch_zoom,pinch_zoom,zoom in (by dragging the chart apart),
"F-Droid apps, GitLab/Codeberg",https://gitlab.com/gladion136/opensyncedlists/-/work_items/1,complex,drag_and_drop,drag_and_drop,Drag and Drop an Element slow,
"F-Droid apps, GitLab/Codeberg",https://codeberg.org/jlmakiola/calendula/issues/214,simple,orientation,quick_tap,The month widget's prev/next/today arrows work for about two or three taps and then go dead.,
"F-Droid apps, GitLab/Codeberg",https://gitlab.com/andiodine/andiodine/-/work_items/24,simple,double_tap,quick_tap,if I click the item quickly,
"F-Droid apps, GitLab/Codeberg",https://gitlab.com/lp2p/thor/-/work_items/50,none,none,quick_tap,fast clicking,
"F-Droid apps, GitLab/Codeberg",https://gitlab.com/devauxcedric/miniature-painting-companion/-/work_items/60,none,none,drag_and_drop,Wrong position on drag with positioned layers,
"F-Droid apps, GitLab/Codeberg",https://codeberg.org/noahjutz/GymRoutines/issues/109,none,none,drag_and_drop,Try to move the new item to the top,
"F-Droid apps, GitLab/Codeberg",https://gitlab.com/eightbitwonders/app/-/work_items/41,none,none,quick_tap,presses the menu button two or more times,
"F-Droid apps, GitLab/Codeberg",https://codeberg.org/jlmakiola/calendula/issues/185,none,none,swipe_region,Back Gesture,
"F-Droid apps, GitLab/Codeberg",https://codeberg.org/tom79/Fedilab/issues/1538,none,none,quick_tap,"Within seconds, also click the star on the same toot to like it",
ReActDroid crash reports,https://github.com/h6ah4i/android-advancedrecyclerview/issues/10,complex,drag_and_drop,drag_and_drop,started dragging it back and forth,
ReActDroid crash reports,https://github.com/marverenic/Jockey/issues/4,complex,swipe_region,swipe_region,"the seek bar in now playing screen does not move, and if moved forcefully, returns to its original position",
ReActDroid crash reports,https://github.com/niteshmourya/app-inventor-for-android/issues/955,complex,drag_and_drop,drag_and_drop,If drag and drop an item from My Definition list which was deactivated once appears by the color of inactive variable,
ReActDroid crash reports,https://github.com/ankidroid/Anki-Android/issues/2824,complex,pinch_zoom,pinch_zoom,attempt to zoom,
ReActDroid crash reports,https://github.com/ankidroid/Anki-Android/issues/2583,complex,pinch_zoom,pinch_zoom,Pinch to zoom,
ReActDroid crash reports,https://github.com/ankidroid/Anki-Android/issues/2424,complex,pinch_zoom,pinch_zoom,Pinch to zoom / zoom function not working,
ReActDroid crash reports,https://github.com/h6ah4i/android-advancedrecyclerview/issues/115,complex,drag_and_drop,drag_and_drop,"grab an item from last row, and drag it up",
ReActDroid crash reports,https://github.com/oxoooo/pull-back-layout/issues/4,complex,pinch_zoom,pinch_zoom,zoomin and zoomout,
ReActDroid crash reports,https://github.com/dimagi/commcare-android/issues/1098,complex,picker_scroll,picker_scroll,spin the date changer,
ReActDroid crash reports,https://github.com/google/blockly-android/issues/142,complex,pinch_zoom,pinch_zoom,try to zoom out,
ReActDroid crash reports,https://github.com/Intelehealth/Android-Mobile-Client/issues/44,complex,picker_scroll,picker_scroll,DatePicker change,
ReActDroid crash reports,https://github.com/PhilJay/MPAndroidChart/issues/1895,complex,swipe_region,swipe_region,increase first seekBar,
ReActDroid crash reports,https://github.com/k9mail/k-9/issues/1908,complex,pinch_zoom,pinch_zoom,HTML mail should pinch zoom as it always has,
ReActDroid crash reports,https://github.com/quaap/LaunchTime/issues/7,complex,drag_and_drop,drag_and_drop,dragging to remove something fro the recent list,
ReActDroid crash reports,https://github.com/quaap/LaunchTime/issues/10,complex,drag_and_drop,drag_and_drop,drag category,
ReActDroid crash reports,https://github.com/timusus/Shuttle/issues/46,complex,drag_and_drop,drag_and_drop,drag track above the album preview,
ReActDroid crash reports,https://github.com/walkap/X-android/issues/27,complex,picker_scroll,picker_scroll,when you scroll view the list choose random the hours,
ReActDroid crash reports,https://github.com/OpenLauncherTeam/openlauncher/issues/231,complex,drag_and_drop,drag_and_drop,"long-press on app drawer icon, and then drag it on edit that appears on top of the screen",
ReActDroid crash reports,https://github.com/LawnchairLauncher/lawnchair/issues/736,complex,drag_and_drop,drag_and_drop,long press Compose and drag it next to Gmail. Everything will crash.,
ReActDroid crash reports,https://github.com/mo3rfan/syncplayer/issues/4,complex,swipe_region,swipe_region,Seek on any Android syncplayer,
ReActDroid crash reports,https://github.com/the3deers/android-3D-model-viewer/issues/24,complex,pinch_zoom,pinch_zoom,If zoom in too much or zoom out too much the app crashes.,
ReActDroid crash reports,https://github.com/mapbox/mapbox-plugins-android/issues/146,complex,pinch_zoom,pinch_zoom,zoom in and zoom out the map,
ReActDroid crash reports,https://github.com/Anuken/Mindustry/issues/5693,complex,pinch_zoom,pinch_zoom,attempt to zoom in,
ReActDroid crash reports,https://github.com/Anuken/Mindustry/issues/5549,complex,pinch_zoom,pinch_zoom,Zoom in,
ReActDroid crash reports,https://github.com/jMonkeyEngine/jmonkeyengine/issues/1544,complex,drag_and_drop,swipe_region,dragged the top slider left and right,
ReActDroid crash reports,https://github.com/barbeau/gpstest/issues/498,complex,quick_tap,quick_tap,Rapidly tap on Share button,
ReActDroid crash reports,https://github.com/Anuken/Mindustry/issues/4418,complex,drag_and_drop,drag_and_drop,dragging the cursor in similar fashion,
ReActDroid crash reports,https://github.com/getodk/collect/issues/4287,complex,quick_tap,quick_tap,Tap fast on pause and stop button,
ReActDroid crash reports,https://github.com/Anuken/Mindustry/issues/3205,complex,pinch_zoom,pinch_zoom,then zoom out to more overview-like level,
ReActDroid crash reports,https://github.com/Anuken/Mindustry/issues/3203,complex,drag_and_drop,drag_and_drop,when left-click dragging to build sometimes the dragging effect is ignored,
ReActDroid crash reports,https://github.com/TeamNewPipe/NewPipe/issues/4286,complex,swipe_region,swipe_region,change the position multiple times by dragging tapping on the seekbar,
ReActDroid crash reports,https://github.com/lisawray/groupie/issues/351,complex,drag_and_drop,drag_and_drop,App crashed when dragging an item to the top/bottom of the list area,
ReActDroid crash reports,https://github.com/google/ExoPlayer/issues/7492,complex,swipe_region,swipe_region,"scrub through 5th mid-roll, Now scrub before 2nd mid-roll",
ReActDroid crash reports,https://github.com/smarteist/Android-Image-Slider/issues/130,complex,pinch_zoom,pinch_zoom,during zoom out,
ReActDroid crash reports,https://github.com/ECSE321-Fall2018/t07/issues/41,complex,picker_scroll,picker_scroll,Datepicker crashes for Trip_Edit,
ReActDroid crash reports,https://github.com/inaturalist/iNaturalistAndroid/issues/599,complex,picker_scroll,picker_scroll,date picker,
ReActDroid crash reports,https://github.com/niccokunzmann/mundraub-android/issues/97,complex,pinch_zoom,pinch_zoom,when you zoom out the map,
ReActDroid crash reports,https://github.com/niccokunzmann/mundraub-android/issues/86,complex,pinch_zoom,pinch_zoom,"If you zoom out, some plants form collections of plants to keep the map visible.",
ReActDroid crash reports,https://github.com/fossasia/pslab-android/issues/1177,complex,quick_tap,quick_tap,Tap Autoscan button multiple times,
ReActDroid crash reports,https://github.com/syncthing/syncthing-android/issues/1123,complex,multi_touch,multi_touch,"Do this fast, slow, fast, fast with two or three fingers and hit the buttons as much as you can.",
ReActDroid crash reports,https://github.com/syncthing/syncthing-android/issues/1121,complex,multi_touch,multi_touch,"Do this fast, slow, fast, fast with two or three fingers and hit the buttons as much as you can.",
ReActDroid crash reports,https://github.com/citiususc/calendula/issues/92,complex,picker_scroll,picker_scroll,"when editing duration of schedules, the app crashes. It should be an issue caused by buggy built-in DatePicker",
ReActDroid crash reports,https://github.com/cgeo/cgeo/issues/6933,complex,pinch_zoom,pinch_zoom,using two fingers it is possible to zoom out to 5000km or even to 10000km,
ReActDroid crash reports,https://github.com/Haptic-Apps/Slide/issues/2623,complex,swipe_region,swipe_region,Swipe from right to get sidebar,
ReActDroid crash reports,https://github.com/AndroidIDEOfficial/AndroidIDE/issues/1129,complex,drag_and_drop,drag_and_drop,App crashed when drag and drop TextureView widget.,
ReActDroid crash reports,https://github.com/LawnchairLauncher/lawnchair/issues/3317,complex,drag_and_drop,drag_and_drop,Drag it to the homescreen,
ReActDroid crash reports,https://github.com/inaturalist/iNaturalistAndroid/issues/1238,complex,drag_and_drop,drag_and_drop,Drag and drop the sound to re-order it.,
ReActDroid crash reports,https://github.com/Anuken/Mindustry/issues/8011,complex,drag_and_drop,drag_and_drop,dragging conduit across another conduit,
ReActDroid crash reports,https://github.com/LawnchairLauncher/lawnchair/issues/3092,complex,drag_and_drop,drag_and_drop,Drag it anywhere,
ReActDroid crash reports,https://github.com/LawnchairLauncher/lawnchair/issues/3020,complex,drag_and_drop,drag_and_drop,Drag an app from the drawer into the folder.,
ReActDroid crash reports,https://github.com/LawnchairLauncher/lawnchair/issues/2966,complex,drag_and_drop,drag_and_drop,"Long press an app
Drag it to the right and wait until you re about to add it to new, empty homescreen page",
ReActDroid crash reports,https://github.com/Exlsunshine/ChatApplication/issues/38,simple,long_press,quick_tap,with quick click to the input button (instead of long click),
ReActDroid crash reports,https://github.com/ankidroid/Anki-Android/issues/3219,simple,swipe,swipe_region,Try to write draw stroke starting at the left screen edge,
ReActDroid crash reports,https://github.com/ccrama/Slide/issues/153,simple,scroll,quick_tap,Click the last post at bottom before new posts are loaded.,
ReActDroid crash reports,https://github.com/dimagi/commcare-android/issues/783,simple,swipe,quick_tap,If you try to quickly swipe twice when the next question launches repeat dialog,
ReActDroid crash reports,https://github.com/cgeo/cgeo/issues/5919,simple,orientation,pinch_zoom,Zooming in or zooming out even occours when turn the device from portrait to landscape,
ReActDroid crash reports,https://github.com/quaap/LaunchTime/issues/19,simple,orientation,drag_and_drop,dragging larger appwidget to category,
ReActDroid crash reports,https://github.com/LawnchairLauncher/lawnchair/issues/121,simple,long_press,drag_and_drop,Dropping widgets from the shortcut menu crashes Lawnchair,
ReActDroid crash reports,https://github.com/massivemadness/Squircle-IDE/issues/110,simple,swipe,swipe_region,swipe over the deletion key,
ReActDroid crash reports,https://github.com/TeamNewPipe/NewPipe/issues/7608,simple,long_press,quick_tap,"Quickly repeat step 2, i.e. before the song loads and starts playing",
ReActDroid crash reports,https://github.com/hzi-braunschweig/SORMAS-Project/issues/6294,simple,double_tap,quick_tap,Click on event status several times,
ReActDroid crash reports,https://github.com/stefan-niedermann/nextcloud-notes/issues/1308,simple,swipe,drag_and_drop,Long press over any note. Swipe to the outside border of the note.,
ReActDroid crash reports,https://github.com/Anuken/Mindustry/issues/5560,simple,orientation,multi_touch,only happen with rotating polygon (tested),
ReActDroid crash reports,https://github.com/grishka/Houseclub/issues/152,simple,double_tap,quick_tap,if you quickly click the Leave room button second time,
ReActDroid crash reports,https://github.com/TeamNewPipe/NewPipe/issues/5596,simple,swipe,drag_and_drop,Attempt to move any group,
ReActDroid crash reports,https://github.com/TeamNewPipe/NewPipe/issues/5582,simple,swipe,quick_tap,if went too fast the error showing problem would show up.,
ReActDroid crash reports,https://github.com/Anuken/Mindustry/issues/4010,simple,long_press,drag_and_drop,Press and hold down Left Mouse Button. Move your mouse cursor one square to the right in an attempt to upgrade your Conveyor track,
ReActDroid crash reports,https://github.com/opensrp/opensrp-client-reveal/issues/988,simple,long_press,drag_and_drop,Long press the boundary Click on one of the circles and try to move it.,
ReActDroid crash reports,https://github.com/cgeo/cgeo/issues/8633,simple,scroll,swipe_region,grab fast scroll bar and swipe down to the very end of the list and go all the way down to the end of the display,
ReActDroid crash reports,https://github.com/TeamNewPipe/NewPipe/issues/3575,simple,swipe,quick_tap,quickly swiping away search suggestions,
ReActDroid crash reports,https://github.com/SkyTubeTeam/SkyTube/issues/702,simple,scroll,quick_tap,quickly press the back icon on the top of the page (before the subscribe page finishes the loading),
ReActDroid crash reports,https://github.com/material-components/material-components-android/issues/980,simple,scroll,picker_scroll,user changes the active YEAR to 1920 the app crashes ... The calendar is attempting to scroll to JANUARY OF 1920,
ReActDroid crash reports,https://github.com/Neamar/KISS/issues/1312,simple,swipe,drag_and_drop,when swipe accidentally one of my favorite app into one other,
ReActDroid crash reports,https://github.com/connectbot/connectbot/issues/710,simple,scroll,pinch_zoom,Start fiddling with zoom and scroll until it crashes,
ReActDroid crash reports,https://github.com/LawnchairLauncher/lawnchair/issues/1607,simple,swipe,swipe_region,swiping on the right side of the bottom edge,
ReActDroid crash reports,https://github.com/LawnchairLauncher/lawnchair/issues/1528,simple,swipe,swipe_region,Try swipe up on the icon,
ReActDroid crash reports,https://github.com/ankidroid/Anki-Android/issues/5152,simple,double_tap,quick_tap,tap undo twice as fast as possible,
ReActDroid crash reports,https://github.com/osmdroid/osmdroid/issues/1217,simple,orientation,multi_touch,Rotate and scale the map very very intensely,
ReActDroid crash reports,https://github.com/OneBusAway/onebusaway-android/issues/933,simple,long_press,drag_and_drop,Long-press the OBA icon on your screen and move it around without dropping it,
ReActDroid crash reports,https://github.com/fossasia/pslab-android/issues/1431,simple,orientation,quick_tap,it takes 3-4 touches on the dial to rotate the dial.,
ReActDroid crash reports,https://github.com/MarMigMon/doof/issues/127,simple,swipe,quick_tap,Swiping too fast,
ReActDroid crash reports,https://github.com/StepicOrg/stepik-android-adaptive/issues/16,simple,swipe,drag_and_drop,card being dragged,
ReActDroid crash reports,https://github.com/Awful/Awful.apk/issues/588,simple,scroll,swipe_region,swiping across it and also moving your finger down,
ReActDroid crash reports,https://github.com/RoboTutorLLC/RTFace_Login/issues/3,simple,orientation,quick_tap,tap seconds after the demo video starts and tap within seconds of when the demo video ends.,
ReActDroid crash reports,https://github.com/LawnchairLauncher/lawnchair/issues/3155,simple,scroll,drag_and_drop,add Google clock widget to home screen,
ReActDroid crash reports,https://github.com/AndroidIDEOfficial/AndroidIDE/issues/647,simple,long_press,drag_and_drop,crashed when long click item and move it,
ReActDroid crash reports,https://github.com/VinylMusicPlayer/VinylMusicPlayer/issues/628,simple,scroll,swipe_region,Scroll down using the scroll bar,
ReActDroid crash reports,https://github.com/LawnchairLauncher/lawnchair/issues/3063,simple,swipe,drag_and_drop,Press and hold an icon to move it; Move the icon around,
ReActDroid crash reports,https://github.com/LawnchairLauncher/lawnchair/issues/3062,simple,swipe,drag_and_drop,dragging and dropping an app. Press and hold an app icon 3. Move the icon around,
ReActDroid crash reports,https://github.com/LawnchairLauncher/lawnchair/issues/2788,simple,long_press,drag_and_drop,Long press on any widgets place it to home screen,
ReActDroid crash reports,https://github.com/PojavLauncherTeam/PojavLauncher/issues/2168,none,none,drag_and_drop,game crashes if resized on samsung DeX,
ReActDroid crash reports,https://github.com/Anuken/Mindustry/issues/3756,none,none,quick_tap,"when at sliver quickly destroy and rebuild (pausing the destroy). Then, with reconstruction drones around, click on the generator to rebuild.",
ReActDroid crash reports,https://github.com/Flaredown/FlaredownAndroid/issues/61,none,none,quick_tap,keep changing dates and rapidly changing the page,
ReActDroid crash reports,https://github.com/fossasia/pslab-android/issues/316,none,none,quick_tap,try clicking the Capacitance button for two three times,
ReActDroid crash reports,https://github.com/sspanak/tt9/issues/236,none,none,quick_tap,quickly trying to exit the Settings screen using Back-Back,
ReActDroid crash reports,https://github.com/khpylon/MachEWidget/issues/11,none,none,drag_and_drop,Add widget to home screen,
AndroR2 benchmark,https://github.com/netmackan/ATimeTracker/issues/124,simple,scroll,picker_scroll,The UI for selecting a time value has changed from a circular clock face to a side-by-side pair of vertically scrolling linear lists of time values. This layout is significantly more time consuming to use to select a specific time value because of the amount of 'scroll' through the lengthy linear lists that is necessary,
AndroR2 benchmark,https://github.com/reloZid/android-anuto/issues/68,none,none,drag_and_drop,drag+drop any defence towers you like,
AndroR2 benchmark,https://github.com/y20k/transistor/issues/149,none,none,quick_tap,Do multiple fast clicks on Play/Stop button.,
ReCDroid benchmark,https://github.com/alexstyl/Memento-Calendar/issues/169,complex,picker_scroll,picker_scroll,Click on birthday field and set 30 Feb 2018 as birthday date.,
ReCDroid benchmark,https://github.com/hidroh/materialistic/issues/1067,complex,swipe_region,quick_tap,Step 5 should be finished very quickly after the clicking of `Save`,
Themis benchmark,https://github.com/android/sunflower/issues/239,none,none,multi_touch,With 2 or more fingers tap different Plant items at the same time,
ReBL benchmark,https://github.com/alexstyl/Memento-Calendar/issues/169,complex,picker_scroll,picker_scroll,Slide the month to March and slide the day to 31... Then slide the month to February.,
ReBL benchmark,https://github.com/hidroh/materialistic/issues/1067,complex,swipe_region,quick_tap,Step 5 should be finished very quickly after the clicking of `Save`,
ReBL benchmark,https://github.com/lfuelling/lrkFM/issues/44,none,none,quick_tap,The bug seems to appear when quickly changing multiple checkboxes.,
ReBL benchmark,https://github.com/y20k/transistor/issues/149,complex,quick_tap,quick_tap,Do multiple fast clicks on Play/Stop button.,
ReBL benchmark,https://github.com/cohenadair/anglers-log/issues/347,none,none,picker_scroll,Modify date,
