url,title,scope,scope_evidence,verified_scope
https://github.com/a7medev/react-native-ml-kit/issues/46,Build issue on Android,not_gui,java.lang.NoSuchMethodError: No static method getClient()Lcom/google/mlkit/vision/text/TextRecognizer; in class Lcom/google/mlkit/vision/text/TextRecognition;,not_gui
https://github.com/ujizin/Camposer/issues/105,[Bug]: camFormat passed to CameraPreview is silently ignored on iOS (applied before formats are listed),not_gui,"On iOS, the `camFormat` given to `CameraPreview` at composition has no effect",not_gui
https://github.com/wagenknecht/backloggd-android-app/issues/8,Build Error: Can't find Monochrome icon,not_gui,Build Error: Can't find Monochrome icon ... Execution failed for task ':app:processDebugResources'.,not_gui
https://github.com/cianru/huawei-appgallery-publish-gradle-plugin/issues/56,Configuration-cache problems,not_gui,"If you enable configuration-cache, it gives these errors. Task `:publishHuaweiAppGalleryRelease`",not_gui
https://github.com/GradleUp/tapmoc/issues/27,Configuring java version with com.android.kotlin.multiplatform.library: lateinit property preBuildTask has not been initialized,not_gui,A Gradle sync in IntelliJ produces the error,not_gui
https://github.com/appium/java-client/issues/2124,bug: IllegalAccessError when starting AndroidDriver in Appium 9.1.0,not_gui,IllegalAccessError when starting AndroidDriver in Appium,not_gui
https://github.com/mobiledevpro/closetalk.app/issues/20,Issue with Koin scopes: ViewModel is initialized as many times as composable recomposes,not_gui,Issue with Koin scopes: ViewModel is initialized as many times as composable recomposes,not_gui
https://github.com/nextcloud/Android-SingleSignOn/issues/541,Instantiating `Void` does no longer work with AGP 8,not_gui,Instantiating `Void` does no longer work with AGP 8,not_gui
https://github.com/runningcode/fladle/issues/140,Duplicate status messages,not_gui,Running flank using fladle gives duplicated messages on output. Run fladle with `max-test-shards` > 1.,not_gui
https://github.com/uber/okbuck/issues/375,OkBuck generates incorrect Buck file with test artifact,not_gui,OkBuck generates incorrect Buck file with test artifact,not_gui
https://github.com/libgdx/libgdx/issues/7825,ANGLE backend wrong scaling used on macOS with dual screens,not_gui,Affected platforms: macOS,gui
https://github.com/soot-oss/SootUp/issues/1382,[Bug]: java.lang.OutOfMemoryError for JavaSootClass getMethods(),not_gui,I tried to analyze the [LinkDroid for Linkwarden] APK v2.1.2 from F-Droid. Extracting the information with the following code: ... getMethods() crashed my program due to a java.lang.OutOfMemoryError.,not_gui
https://github.com/JuulLabs-OSS/mcumgr-android/issues/45,requiresDefragmentation in McuMgrResponse is lying,not_gui,"Check out combination of those 2 methods: ... The `getExpectedLength(...)` returns expected length of the packet including header (header length is added). However, `requiresDefragmentation(...)` deducts the header length in the comparison.",not_gui
https://github.com/apollographql/apollo-kotlin-normalized-cache/issues/259,`MemoryCache` without `nextCache` seems to have a thread safety issue,not_gui,I'm encountering a cache miss issue that occurs when sending multiple queries using the same `ApolloClient` whose store has only one `MemoryCache`.,not_gui
https://github.com/uber/okbuck/issues/610,OkBuck does not add resources on android_libraries,not_gui,"okbuck does not add the respective parameters (`resources`, `resources_root`, etc...) on the `android_library` rule.",not_gui
https://github.com/MegatronKing/StringFog/issues/36,Kotlin 中如果使用具名参数功能，会出错,not_gui,Kotlin 中如果使用具名参数功能，会出错,not_gui
https://github.com/inovait/neatle/issues/15,Command class should be public,not_gui,Command class should be public,not_gui
https://github.com/leancloud/java-unified-sdk/issues/144,纯 java 环境下，直接使用 livequery，会出现订阅失败的错误。,not_gui,直接使用 livequery，会出现订阅失败的错误。,not_gui
https://github.com/vitofico/quire/issues/89,F-Droid reproducible build failed,not_gui,F-Droid reproducible build failed,not_gui
https://github.com/soot-oss/SootUp/issues/1721,[Bug]: Wrong line numbers in generated Jimple code,not_gui,Wrong line numbers in generated Jimple code,not_gui
https://github.com/K-Konstantinidis/Basketball-League/issues/36,Web Service: getLeagueRanking is not working,not_gui,This is a database related problem.,not_gui
https://github.com/vishaltelangre/NerdCalci/issues/228,Bug? 'Date expected' error when a date given as an argument to a custom global function.,not_gui,"In `Global` file: depositPerDay(cost, saved, due) = (cost - saved) / dropUnit(days until due) ... global.depositPerDay(cost, saved, due)",not_gui
https://github.com/KeepSafe/ReLinker/issues/18,"Relinker.loadLibrary(final Context context, final String library, final String version)",not_gui,"To specify a library version, you have to obtain a ReLinkerInstance via ReLinker.log()/ ReLinker.recursively()/ReLinker.force().",not_gui
https://github.com/iBotPeaches/Apktool/issues/3633,Unknown chunk type after skipping bad string block,not_gui,apktool d sample.apk,not_gui
https://github.com/Almoullim/background_location/issues/239,Bug: Flutter 3.29 Breaking Changes,not_gui,Successful Compile,not_gui
https://github.com/nitrite/nitrite-java/issues/966,Repositories initialization logic not compatible with Kotlinx.serialization,not_gui,"The bug occurs during the initialization logic of a repository when calling `db.getRepository< CacheEntry>(""hashes"")`.",not_gui
https://github.com/SkillPanel/jfairy/issues/77,textproducer.word(int count) with 117 elements results in an empty response.,not_gui,"If you call the TextProducer class method word with exactly 117 items, you will receive an empty result back. So the following example: Faityr.create().textProducer().word(117); will result in an empty string.",not_gui
https://github.com/simonalveteg/Minute-Launcher/issues/71,Use new Indication API to remove (or make custom?) ripple from homescreen,not_gui,RippleTheme is deprecated and should be replaced with indication api somehow.,not_gui
https://github.com/Manabu-GT/DebugOverlay-Android/issues/254,[BUG] Missing logs in Network calls,not_gui,Missing logs in Network calls,not_gui
https://github.com/kiitdev/kiit/issues/166,[Entities]: Minimize setup and dependencies,not_gui,Minor clean-up to Entities/ORM component to minimize set up of entities and dependencies on other components.,not_gui
https://github.com/PatilShreyas/debroid/issues/55,Fix potential hang in DefaultCommandRunner on process stream reading before timeout,not_gui,"In `AdbManager.kt:19-20`: `process.inputStream.bufferedReader().readText()` runs synchronously on the calling thread and blocks until EOF before `process.waitFor(timeoutSeconds, ...)` is reached.",not_gui
https://github.com/Rapsssito/react-native-background-actions/issues/201,BackgroundActions.stop does not terminate ongoing task,not_gui,BackgroundActions.stop does not terminate ongoing task,not_gui
https://github.com/LFDT-web3j/web3j/issues/1989,Incorrect address returned from `signedPrefixedMessageToKey` when invalid data passed in,not_gui,There are two ways to get incorrect address returned from `signedPrefixedMessageToKey` 1. invalid signature hash 2. invalid message,not_gui
https://github.com/boostcampwm-2022/android02-DailyFilm/issues/187,android-video-trimmer 내부 모듈로 전환,not_gui,"mobile-ffmpeg 라이브러리가 지원 중단됨으로써 외부 배포로 비디오 편집 라이브러리를 사용하기가 곤란해졌기 때문에, 내부 `:core` 모듈로 선언하여 사용",not_gui
https://github.com/robolectric/robolectric/issues/2841,FragmentController creates extra Fragment instance when savedInstanceState is provided,not_gui,Robolectric.buildFragment(MyFragment.class),not_gui
https://github.com/Team-B1ND/dodamdodam-android/issues/278,Invalid Release Student Dodam,not_gui,"It wasn't distributed based on the main branch by mistake, it was distributed based on the develop branch",not_gui
https://github.com/cliuff/boundo/issues/48,Make build reproducible,not_gui,Make build reproducible,not_gui
https://github.com/microg/UnifiedNlp/issues/231,UnifiedNLP (no gapps) on fdroid not updated since 2017,not_gui,Missing updates of **UnifiedNLP (no GAPPS)** since 2017.,not_gui
https://github.com/icerockdev/moko-network/issues/150,Update kotlinx serialization to 1.2.* version,not_gui,crash at ios compilation,not_gui
https://github.com/aau-network-security/HosTaGe/issues/108,Android 11 Location Permissions and Privacy Policy update,not_gui,Failing to do so will result in the removal of the app from PlayStore. ... Invalid privacy policy ... Prominent disclosure not found,not_gui
https://github.com/Agontuk/react-native-geolocation-service/issues/442,   > Could not find com.google.android.gms:play-services-location:18.2.0.,not_gui,Unable to Build from android studio.,not_gui
https://github.com/yuroyami/syncplay-mobile/issues/135,iOS: VLC will not play progressive streams (m3u8/mpd),not_gui,iOS: VLC will not play progressive streams (m3u8/mpd),gui
https://github.com/canyie/pine/issues/70,最新代码编译armv7的时候报错,not_gui,Execution failed for task ':core:buildCMakeRelWithDebInfo[armeabi-v7a][pine]'.,not_gui
https://github.com/amitshekhariitbhu/Android-Debug-Database/issues/54,It always open a html which is in my project,not_gui,open the address that printed in the console. I try to change the port,not_gui
https://github.com/soil-kt/soil/issues/110,iOS artefacts not being published to Maven,not_gui,I'm unable to build my project for iOS when including soil. It looks like the iOS artefacts are not being published to maven.,not_gui
https://github.com/kiitdev/kiit/issues/378,[SETUP] - [Kiit CLI] : Fix the kiit CLI for homebrew,not_gui,Fix the kiit CLI for homebrew,not_gui
https://github.com/processing/processing-android/issues/513,adb connection in debugger is lost sometimes,not_gui,adb connection in debugger is lost sometimes,not_gui
https://github.com/DennisBauer/RecurringExpenseTracker/issues/656,F-Droid build failed,not_gui,AGP 8.12.0 doesn't work on the buildserver.,not_gui
https://github.com/Trooped/QuickBars/issues/65,"[BUG] Media Player Card Missing ""Source"" button",not_gui,Would it be OK if you added this native feature to your Media Player card as it seems to be missing.,gui
https://github.com/kike-canaries/canairio_android/issues/164,CanairIO Bike does not reconnect to WiFi after power outage,not_gui,After a loss of power to both the CanairIO BIKE device and the WiFi Router the CanairIO does not reconnect.,not_gui
https://github.com/EXALAB/AnLinux-App/issues/4,Fedora dnf/yum install err,not_gui,Fedora dnf/yum install err,not_gui
https://github.com/DennisBauer/RecurringExpenseTracker/issues/726,F-Droid build failed: AGP 8.12.x/8.13.0 doesn't work on buildserver,not_gui,AGP 8.12.x/8.13.0 doesn't work on the buildserver.,not_gui
https://github.com/skylot/jadx/issues/2953,[core] New enum pattern with anonymous classes adds invalid synthetic constructor/ external vars with dx/d8,not_gui,I found a new enum pattern currently unhandled in jadx: ... decompiles to: ... JADX WARN: Enum visitor error jadx.core.utils.exceptions.JadxRuntimeException,not_gui
https://github.com/Inky-developer/FitnessCalendar/issues/54,Add tests for restore functionality,not_gui,Add tests for restore functionality,not_gui
https://github.com/ChrisKruegerDev/tmdb-kotlin/issues/9,MissingFieldException: 'known_for_department',not_gui,"I'm getting an exception with v0.6.3 when calling `Tmdb3.find.find(""tt11271038"", ""en"", TmdbExternalSource.IMDB)`",not_gui
https://github.com/AppiumTestDistribution/AppiumTestDistribution/issues/533,Getting null pointer in Before methods,not_gui,java.lang.NullPointerException at com.appium.manager.TestLogger.endLogging,not_gui
https://github.com/CellularPrivacy/Android-IMSI-Catcher-Detector/issues/819,F-Droid builds need special workarounds,not_gui,FAILURE: Build failed with an exception. * What went wrong: A problem occurred configuring root project 'com.SecUpwN.AIMSICD'.,not_gui
https://github.com/ivanisidrowu/KtRssReader/issues/91,Missing commas in the generated parser file,not_gui,Missing commas in the generated parser file,not_gui
https://github.com/BatchLabs/Batch-Android-SDK/issues/1,Android 8 (Oreo) fatal exception,not_gui,java.lang.RuntimeException: Unable to start receiver com.batch.android.BatchPushReceiver: java.lang.IllegalStateException: Not allowed to start service Intent,not_gui
https://github.com/grab/grab-bazel-common/issues/24,target 'org_jetbrains_kotlin_kotlin_parcelize_runtime' not declared,not_gui,I ran `bazelisk mobile-install` and got the following error: ERROR: ... no such target ...,not_gui
https://github.com/LegacyCodeHQ/eureka/issues/14,`hierarchy`: orphaned trees,not_gui,One of the assumptions I had while building the `hierarchy` subcommand feature was that all inheritance hierarchies within an artifact could be traced back to `java.lang.Object` as the root object.,not_gui
https://github.com/open-keychain/open-keychain/issues/2033,cursor error during key refresh,not_gui,"This does not happen reproducibly, but it does happen in the auto update service",not_gui
https://github.com/appium/java-client/issues/2037,bug: Can't start Appium server through code - getting 'npm' executable is not found when even though npm is there,not_gui,I wanted to upgrade from Appium 1.x to Appium 2.x+ but have been facing an issue when trying to run the appium server from the code.,not_gui
https://github.com/yuyakaido/CardStackView/issues/228,onCardSwiped always returns bottom?,not_gui,onCardSwiped always returns bottom?,gui
https://github.com/braze-inc/braze-react-native-sdk/issues/328,Confirming external_id ↔ APNs token linkage on iOS after account switching,not_gui,Which Platforms? iOS,not_gui
https://github.com/nhaarman/acorn/issues/40,StackNavigator.onStart is not idempotent,not_gui,Calling StackNavigator.onStart multiple times causes listeners to receive the Scene notification again.,not_gui
https://github.com/DrawAnywhere/DrawAnywhere/issues/26,It would be better if the size of the floating icon could be adjusted freely,not_gui,It would be better if the size of the floating icon could be adjusted freely,gui
https://github.com/Domi04151309/BatteryTool/issues/14,"[Bug Report] F-Droid build failed, link error",not_gui,"Task :app:lintVitalRelease FAILED /home/vagrant/build/.../strings.xml:66: Error: ""about_version"" is translated here but not found in default locale [ExtraTranslation]",not_gui
https://github.com/socket-link/ampere/issues/901,"Bug (B10) — `EventRouter` subscriptions are never registered, `MilestoneTracker` never fires, and the `TaskStarted/Completed/Failed/Blocked` and `SubtaskCreated` publishers have no callers",not_gui,"EventRouter.startRouting iterates a map that only subscribeToEventClassType fills, and that method has no caller, so no agent reacts to any event.",not_gui
https://github.com/hatamiarash7/RTL-Toast/issues/5,⚠ Migrate Immediately! ASAP! ⚠ ,not_gui,"jCenter is currently deprecated and artifacts can only be downloaded till 2022-02-01, consider migrating to jitpack or maven central.",not_gui
https://github.com/Suwayomi/Suwayomi-JUI/issues/61,[Bug] Build error,not_gui,Just try to build the project from the lastest github commit,not_gui
https://github.com/isuPatches/android-wisefy/issues/131,Problem adding and connecting to a network when mobile network is enabled,not_gui,I'm executing the following code,not_gui
https://github.com/crossbario/autobahn-java/issues/433,NettyWebSocket leaks it's NioEventLoopGroup resources on connection failure,not_gui,NettyWebSocket leaks it's NioEventLoopGroup resources on connection failure,not_gui
https://github.com/ionic-team/capacitor-plugins/issues/2310,[Bug]: status bar is gone after the camera is dismissed (iOS only),not_gui,Platforms Affected - [x] iOS - [ ] Android; Please note that everything works fine on Android,gui
https://github.com/slackhq/keeper/issues/125,Update version of R8 to latest,not_gui,Attempt to assemble one of the artifacts that depend on _keeper_,not_gui
https://github.com/deltazefiro/Amarok-Hider/issues/250,[BUG] F-Droid - upgrade to Java 21,not_gui,upgrade to Java 21,not_gui
https://github.com/MegatronKing/StringFog/issues/58,升级一下支持agp7.0+吧,not_gui,升级到 gradle:7.0.4就编译通不过了,not_gui
https://github.com/Zhuinden/simple-stack/issues/149,Determine what to do after finalizeScopes is called then *something happens*,not_gui,"Determine what to do after finalizeScopes is called then *something happens* Because the GlobalScope wouldn't be recreated if that happened, so if it's allowed then the latestState should be set to null, and not empty list.",not_gui
https://github.com/kesha-antonov/react-native-background-downloader/issues/1,"'metadata' field on DownloadTask is not present in interface, causing typescript warnings",not_gui,"The `metadata` field that is a member of the `DownlaodTask` class is not in the `DownloadTask` interface, so you'll end up with warnings in typescript if you try to access it.",not_gui
https://github.com/koral--/android-gif-drawable/issues/61,Animation not starting?,not_gui,"Using ProGuard, and have -keep public class pl.droidsonroids.gif.GifIOException{*;} as suggested.",gui
https://github.com/crowdin/mobile-sdk-android/issues/284,registerDataLoadingObserver not working as intended,not_gui,Adding the callback via `registerDataLoadingObserver` has no effect because `Crowdin.init` has not been called yet. When trying to add it after calling `Crowdin.init` it does not work either because the network calls already happened.,not_gui
https://github.com/nikhilmuz/WhatsApp-Bulk-Sender/issues/14,whatsapp is not install,not_gui,whatsapp is not install,not_gui
https://github.com/Mino260806/MessengerPro/issues/44,App not installed as package conflicts with an existing package,not_gui,App not installed as package conflicts with an existing package,not_gui
https://github.com/Irineu333/NeoRegex/issues/33,Adicionar suporte a web,not_gui,Adicionar suporte a web,not_gui
https://github.com/troyzhxu/okhttps/issues/34,v3.1.0 Stomp 未设置 onConnected 回调时，Stmop 连接成功后 但 isConnecting() 方法仍然返回 true,not_gui,isConnecting() 方法仍然返回 true,not_gui
https://github.com/launchdarkly/android-client-sdk/issues/295,Android Client SDK running migrations on main thread resulting in StrictMode violations,not_gui,Set up StrictMode in your app. Initialize LaunchDarkly SDK via init with timeout set to zero.,not_gui
https://github.com/xLexip/Adaptive-Theme/issues/92,Google Play Store claims my device is not supported,not_gui,Play store claims my device is not supported.,not_gui
https://github.com/collinsmith/riiablo/issues/73,Remaining bytes in stream after DS1 codec reads,not_gui,"Some DS1 files are being loaded with remaining bytes left in the stream. So far I've only noticed two instances, both of which are version 13.",not_gui
https://github.com/Blankj/AndroidUtilCode/issues/1802,不支持jdk11 吗,not_gui,把项目的jdk更新到11后就报了BusUtils: The bus of tag ＜XXX＞ is not exists异常,not_gui
https://github.com/hossain-khan/android-compose-highlight/issues/486,Bound WebView bridge initialization and propagate page-load failures,not_gui,"The manager does not complete it from page-load error callbacks, and engine methods call `getReadyWebView()` before entering the existing JavaScript timeout. If `bridge.html` never finishes loading, calls can suspend indefinitely.",not_gui
https://github.com/yellowbluesky/PixivforMuzei3/issues/143,File extensions are not correctly being assigned,not_gui,"getLocalFileExtension() was temporarily refactored out, and I forgot to re-enable it",not_gui
https://github.com/caoccao/Javet/issues/566,Linux V8-mode libraries are not linked against libm — `undefined symbol: exp2` on OpenJ9,not_gui,"The failure surfaces only when one of those symbols is first called, which in practice is V8 teardown at JVM shutdown: `java: symbol lookup error: ... undefined symbol: exp2`",not_gui
https://github.com/getActivity/GsonFactory/issues/39,[Bug]：解析出现报错,not_gui,No virtual method getModule()Ljava/lang/Module; in class Ljava/lang/Class; or its super classes,not_gui
https://github.com/mkulesh/microMathematics/issues/129,F-Droid can't build - AAPT2 error,not_gui,F-Droid can't build - AAPT2 error; FAILURE: Build failed with an exception.,not_gui
https://github.com/EXALAB/AnLinux-App/issues/441,There seems to be a typo,not_gui,404: Not Found [Rootfs/CentOS/${archurl}/centos_stream-rootfs-${archurl}.tar.xz],not_gui
https://github.com/dipien/semantic-version-gradle-plugin/issues/44,Android Gradle plugin not assigning the correct version classifier ,not_gui,"Build Android project
Check `VERSION_NAME` in the generated `BuildConfig.java` file",not_gui
https://github.com/caoccao/Javet/issues/491,std::atomic[_ref] use with large T causes undefined symbol errors with __atomic_* builtins,not_gui,std::atomic[_ref] use with large T causes undefined symbol errors with __atomic_* builtins,not_gui
https://github.com/catalinghita8/android-compose-mvvm-foodies/issues/13,ViewModel unit tests,not_gui,I am struggling to find a way how to test view models.,not_gui
https://github.com/slackhq/slack-lints/issues/53,DoNotMock false negatives,not_gui,shows as red in the IDE but does not result as an error in the lint command line invocation,not_gui
https://github.com/aabhasr1/OtpView/issues/28,how to change text_typeFace,not_gui,"app:text_typeface: ""myFont.ttf"". but it didn't work.",not_gui
