url,verified_scope
https://github.com/Agontuk/react-native-geolocation-service/issues/442,not_gui
https://github.com/Almoullim/background_location/issues/239,not_gui
https://github.com/AppiumTestDistribution/AppiumTestDistribution/issues/533,not_gui
https://github.com/BatchLabs/Batch-Android-SDK/issues/1,not_gui
https://github.com/Blankj/AndroidUtilCode/issues/1802,not_gui
https://github.com/CellularPrivacy/Android-IMSI-Catcher-Detector/issues/819,not_gui
https://github.com/ChrisKruegerDev/tmdb-kotlin/issues/9,not_gui
https://github.com/DennisBauer/RecurringExpenseTracker/issues/656,not_gui
https://github.com/DennisBauer/RecurringExpenseTracker/issues/726,not_gui
https://github.com/Domi04151309/BatteryTool/issues/14,not_gui
https://github.com/DrawAnywhere/DrawAnywhere/issues/26,gui
https://github.com/EXALAB/AnLinux-App/issues/4,not_gui
https://github.com/EXALAB/AnLinux-App/issues/441,not_gui
https://github.com/GradleUp/tapmoc/issues/27,not_gui
https://github.com/Inky-developer/FitnessCalendar/issues/54,not_gui
https://github.com/Irineu333/NeoRegex/issues/33,not_gui
https://github.com/JuulLabs-OSS/mcumgr-android/issues/45,not_gui
https://github.com/K-Konstantinidis/Basketball-League/issues/36,not_gui
https://github.com/KeepSafe/ReLinker/issues/18,not_gui
https://github.com/LFDT-web3j/web3j/issues/1989,not_gui
https://github.com/LegacyCodeHQ/eureka/issues/14,not_gui
https://github.com/Manabu-GT/DebugOverlay-Android/issues/254,not_gui
https://github.com/MegatronKing/StringFog/issues/36,not_gui
https://github.com/MegatronKing/StringFog/issues/58,not_gui
https://github.com/Mino260806/MessengerPro/issues/44,not_gui
https://github.com/PatilShreyas/debroid/issues/55,not_gui
https://github.com/Rapsssito/react-native-background-actions/issues/201,not_gui
https://github.com/SkillPanel/jfairy/issues/77,not_gui
https://github.com/Suwayomi/Suwayomi-JUI/issues/61,not_gui
https://github.com/Team-B1ND/dodamdodam-android/issues/278,not_gui
https://github.com/Trooped/QuickBars/issues/65,gui
https://github.com/Zhuinden/simple-stack/issues/149,not_gui
https://github.com/a7medev/react-native-ml-kit/issues/46,not_gui
https://github.com/aabhasr1/OtpView/issues/28,not_gui
https://github.com/aau-network-security/HosTaGe/issues/108,not_gui
https://github.com/amitshekhariitbhu/Android-Debug-Database/issues/54,not_gui
https://github.com/apollographql/apollo-kotlin-normalized-cache/issues/259,not_gui
https://github.com/appium/java-client/issues/2037,not_gui
https://github.com/appium/java-client/issues/2124,not_gui
https://github.com/boostcampwm-2022/android02-DailyFilm/issues/187,not_gui
https://github.com/braze-inc/braze-react-native-sdk/issues/328,not_gui
https://github.com/canyie/pine/issues/70,not_gui
https://github.com/caoccao/Javet/issues/491,not_gui
https://github.com/caoccao/Javet/issues/566,not_gui
https://github.com/catalinghita8/android-compose-mvvm-foodies/issues/13,not_gui
https://github.com/cianru/huawei-appgallery-publish-gradle-plugin/issues/56,not_gui
https://github.com/cliuff/boundo/issues/48,not_gui
https://github.com/collinsmith/riiablo/issues/73,not_gui
https://github.com/crossbario/autobahn-java/issues/433,not_gui
https://github.com/crowdin/mobile-sdk-android/issues/284,not_gui
https://github.com/deltazefiro/Amarok-Hider/issues/250,not_gui
https://github.com/dipien/semantic-version-gradle-plugin/issues/44,not_gui
https://github.com/getActivity/GsonFactory/issues/39,not_gui
https://github.com/grab/grab-bazel-common/issues/24,not_gui
https://github.com/hatamiarash7/RTL-Toast/issues/5,not_gui
https://github.com/hossain-khan/android-compose-highlight/issues/486,not_gui
https://github.com/iBotPeaches/Apktool/issues/3633,not_gui
https://github.com/icerockdev/moko-network/issues/150,not_gui
https://github.com/inovait/neatle/issues/15,not_gui
https://github.com/ionic-team/capacitor-plugins/issues/2310,gui
https://github.com/isuPatches/android-wisefy/issues/131,not_gui
https://github.com/ivanisidrowu/KtRssReader/issues/91,not_gui
https://github.com/kesha-antonov/react-native-background-downloader/issues/1,not_gui
https://github.com/kiitdev/kiit/issues/166,not_gui
https://github.com/kiitdev/kiit/issues/378,not_gui
https://github.com/kike-canaries/canairio_android/issues/164,not_gui
https://github.com/koral--/android-gif-drawable/issues/61,gui
https://github.com/launchdarkly/android-client-sdk/issues/295,not_gui
https://github.com/leancloud/java-unified-sdk/issues/144,not_gui
https://github.com/libgdx/libgdx/issues/7825,gui
https://github.com/microg/UnifiedNlp/issues/231,not_gui
https://github.com/mkulesh/microMathematics/issues/129,not_gui
https://github.com/mobiledevpro/closetalk.app/issues/20,not_gui
https://github.com/nextcloud/Android-SingleSignOn/issues/541,not_gui
https://github.com/nhaarman/acorn/issues/40,not_gui
https://github.com/nikhilmuz/WhatsApp-Bulk-Sender/issues/14,not_gui
https://github.com/nitrite/nitrite-java/issues/966,not_gui
https://github.com/open-keychain/open-keychain/issues/2033,not_gui
https://github.com/processing/processing-android/issues/513,not_gui
https://github.com/robolectric/robolectric/issues/2841,not_gui
https://github.com/runningcode/fladle/issues/140,not_gui
https://github.com/simonalveteg/Minute-Launcher/issues/71,not_gui
https://github.com/skylot/jadx/issues/2953,not_gui
https://github.com/slackhq/keeper/issues/125,not_gui
https://github.com/slackhq/slack-lints/issues/53,not_gui
https://github.com/socket-link/ampere/issues/901,not_gui
https://github.com/soil-kt/soil/issues/110,not_gui
https://github.com/soot-oss/SootUp/issues/1382,not_gui
https://github.com/soot-oss/SootUp/issues/1721,not_gui
https://github.com/troyzhxu/okhttps/issues/34,not_gui
https://github.com/uber/okbuck/issues/375,not_gui
https://github.com/uber/okbuck/issues/610,not_gui
https://github.com/ujizin/Camposer/issues/105,not_gui
https://github.com/vishaltelangre/NerdCalci/issues/228,not_gui
https://github.com/vitofico/quire/issues/89,not_gui
https://github.com/wagenknecht/backloggd-android-app/issues/8,not_gui
https://github.com/xLexip/Adaptive-Theme/issues/92,not_gui
https://github.com/yellowbluesky/PixivforMuzei3/issues/143,not_gui
https://github.com/yuroyami/syncplay-mobile/issues/135,gui
https://github.com/yuyakaido/CardStackView/issues/228,gui
