url,verified_label
https://github.com/0x4f53/Wristkey/issues/42,unclear
https://github.com/AdguardTeam/ContentBlocker/issues/208,scroll
https://github.com/Adventech/sabbath-school-android/issues/177,orientation
https://github.com/Adventech/sabbath-school-android/issues/245,orientation
https://github.com/AndraxDev/speak-gpt/issues/116,orientation
https://github.com/Anrimian/music-player/issues/123,swipe_region
https://github.com/Anrimian/music-player/issues/267,scroll
https://github.com/Anrimian/music-player/issues/81,quick_tap
https://github.com/AnySoftKeyboard/AnySoftKeyboard/issues/2440,long_press
https://github.com/AnySoftKeyboard/AnySoftKeyboard/issues/3405,swipe
https://github.com/Arian04/android-hid-client/issues/91,scroll
https://github.com/BlackyHawky/Clock/issues/729,swipe
https://github.com/ByteSculptor07/QuilloNotes/issues/24,orientation
https://github.com/CatimaLoyalty/Android/issues/3038,orientation
https://github.com/CellularPrivacy/Android-IMSI-Catcher-Detector/issues/900,swipe_region
https://github.com/Chimahon/chimahon/issues/58,swipe_region
https://github.com/Crazy-Marvin/FucksGiven/issues/195,drag_and_drop
https://github.com/Dan8Oren/MicLock/issues/26,scroll
https://github.com/Dawncraft/Dawn-Desktop-Addons/issues/3,none
https://github.com/Devlight/NavigationTabBar/issues/24,swipe
https://github.com/Devlight/NavigationTabBar/issues/8,orientation
https://github.com/Dimezis/BlurView/issues/17,unclear
https://github.com/Drumber/Kitsune/issues/74,scroll
https://github.com/EdricChan03/studybuddy-android/issues/737,orientation
https://github.com/Efimj/Shkiper/issues/10,scroll
https://github.com/Elnix90/Dragon-Launcher/issues/384,drag_and_drop
https://github.com/Elnix90/Dragon-Launcher/issues/422,swipe
https://github.com/Elnix90/Dragon-Launcher/issues/428,swipe_region
https://github.com/Elnix90/Dragon-Launcher/issues/442,long_press
https://github.com/Elnix90/Dragon-Launcher/issues/452,double_tap
https://github.com/Elnix90/Dragon-Launcher/issues/455,swipe
https://github.com/EmmaTellblom/Mensinator/issues/183,swipe
https://github.com/EmmanuelMess/Simple-Accounting/issues/42,drag_and_drop
https://github.com/Etar-Group/Etar-Calendar/issues/353,swipe
https://github.com/FossifyOrg/Documents/issues/73,swipe_region
https://github.com/FredHappyface/Android.EweSticker/issues/76,long_press
https://github.com/Funput/Funput/issues/516,long_press
https://github.com/Greenstand/treetracker-android/issues/1280,quick_tap
https://github.com/GustavoASantos/Noti/issues/10,orientation
https://github.com/Hamza417/Felicity/issues/158,long_press
https://github.com/Hamza417/Positional/issues/4,orientation
https://github.com/HenriDellal/emerald/issues/49,swipe_region
https://github.com/HnDK0/NoveLA/issues/182,scroll
https://github.com/Hy4ri/hermes-mobile/issues/1322,unclear
https://github.com/Inky-developer/FitnessCalendar/issues/12,scroll
https://github.com/Irineu333/NeoRegex/issues/77,drag_and_drop
https://github.com/JLindemann42/Atomic-Periodic-Table.Android/issues/20,scroll
https://github.com/JLindemann42/Atomic-Periodic-Table.Android/issues/30,pinch_zoom
https://github.com/JonasBernard/FakeStandby/issues/30,orientation
https://github.com/JonasBernard/FakeStandby/issues/48,multi_touch
https://github.com/JonasBernard/FakeStandby/issues/86,swipe
https://github.com/JonasBernard/FakeStandby/issues/89,multi_touch
https://github.com/Julow/Unexpected-Keyboard/issues/190,quick_tap
https://github.com/LSafer/edgeseek/issues/20,swipe_region
https://github.com/LSafer/edgeseek/issues/8,swipe_region
https://github.com/LanRhyme/ReveriePaint/issues/35,swipe
https://github.com/LanRhyme/ReveriePaint/issues/58,double_tap
https://github.com/LawnchairLauncher/lawnchair/issues/7321,swipe_region
https://github.com/LawnchairLauncher/lawnchair/issues/7356,long_press
https://github.com/LiveFastEatTrashRaccoon/RaccoonForLemmy/issues/358,scroll
https://github.com/LiveFastEatTrashRaccoon/RaccoonForLemmy/issues/544,scroll
https://github.com/LottieFiles/dotlottie-android/issues/45,scroll
https://github.com/Manabu-GT/DebugOverlay-Android/issues/257,orientation
https://github.com/Markel15/FlowState/issues/24,swipe
https://github.com/MewX/light-novel-library_Wenku8_Android/issues/76,quick_tap
https://github.com/MobileFirstLLC/irregular-expressions/issues/89,orientation
https://github.com/MohamedRejeb/Compose-Interactive-Gamepad/issues/1,swipe_region
https://github.com/MonwF/customiuizer/issues/535,swipe_region
https://github.com/NimaKhajehpour/MyMood/issues/41,picker_scroll
https://github.com/PVOT-OSS/Messages/issues/112,long_press
https://github.com/PnX-SI/gn_mobile_occtax/issues/278,orientation
https://github.com/PnX-SI/gn_mobile_occtax/issues/315,long_press
https://github.com/REBEL-ROOT/omni-browser/issues/135,swipe_region
https://github.com/ReSo7200/InstaEclipse/issues/211,swipe
https://github.com/Rosemoe/sora-editor/issues/880,scroll
https://github.com/SRGSSR/pillarbox-android/issues/1105,scroll
https://github.com/SapuSeven/BetterUntis/issues/482,scroll
https://github.com/SoltauFintel/blockpuzzle/issues/17,drag_and_drop
https://github.com/SoltauFintel/blockpuzzle/issues/23,drag_and_drop
https://github.com/SundeepK/CompactCalendarView/issues/82,scroll
https://github.com/SysAdminDoc/HushGram/issues/52,scroll
https://github.com/SysAdminDoc/SwiftFloris/issues/24,long_press
https://github.com/Tanish-Ranjan/crop-kit/issues/5,drag_and_drop
https://github.com/Tencent/Shadow/issues/1384,orientation
https://github.com/ThomasGaubert/zephyr/issues/62,swipe
https://github.com/Thor-Wayfinder/thor-wayfinder/issues/81,double_tap
https://github.com/ThothDroid/Egyptian_Writer/issues/2,orientation
https://github.com/TrackerControl/tracker-control-android/issues/781,orientation
https://github.com/VEINHORN/ScrollGalleryView/issues/29,orientation
https://github.com/VEINHORN/ScrollGalleryView/issues/46,pinch_zoom
https://github.com/VinylMusicPlayer/VinylMusicPlayer/issues/1231,long_press
https://github.com/VinylMusicPlayer/VinylMusicPlayer/issues/1260,scroll
https://github.com/VinylMusicPlayer/VinylMusicPlayer/issues/1265,scroll
https://github.com/VinylMusicPlayer/VinylMusicPlayer/issues/1271,swipe_region
https://github.com/VinylMusicPlayer/VinylMusicPlayer/issues/1272,drag_and_drop
https://github.com/VishnuSanal/Quotes/issues/5,long_press
https://github.com/X1nto/Mauth/issues/87,quick_tap
https://github.com/Yalantis/uCrop/issues/255,scroll
https://github.com/Yalantis/uCrop/issues/368,drag_and_drop
https://github.com/Yalantis/uCrop/issues/631,drag_and_drop
https://github.com/Zeronfinity/CPfy/issues/77,orientation
https://github.com/Zeronfinity/CPfy/issues/83,orientation
https://github.com/a7medev/react-native-ml-kit/issues/45,scroll
https://github.com/acristescu/OnlineGo/issues/131,orientation
https://github.com/ahmmedrejowan/PdfReaderPro/issues/65,long_press
https://github.com/ahmmedrejowan/PdfReaderPro/issues/73,orientation
https://github.com/alexvasilkov/GestureViews/issues/115,swipe
https://github.com/alexvasilkov/GestureViews/issues/128,pinch_zoom
https://github.com/alexvasilkov/GestureViews/issues/148,swipe_region
https://github.com/alexvasilkov/GestureViews/issues/26,swipe_region
https://github.com/androidx/media/issues/3445,swipe
https://github.com/anselm94/Torchie-Android/issues/10,multi_touch
https://github.com/apache/cordova-plugin-inappbrowser/issues/322,orientation
https://github.com/armanmaurya/InternetRadio/issues/206,quick_tap
https://github.com/ashutoshgngwr/10-bitClockWidget/issues/24,drag_and_drop
https://github.com/aunchagaonkar/NetworkSwitch/issues/22,scroll
https://github.com/bikram-agarwal/Remember/issues/77,quick_tap
https://github.com/bikram-agarwal/Remember/issues/81,quick_tap
https://github.com/blackboxembedded/WunderLINQ-Android/issues/229,orientation
https://github.com/blinder-23/blindar-android/issues/23,unclear
https://github.com/bttv-android/bttv/issues/720,orientation
https://github.com/bunoriapp/bunori/issues/35,scroll
https://github.com/caarmen/poet-assistant/issues/134,scroll
https://github.com/caarmen/poet-assistant/issues/136,orientation
https://github.com/caarmen/poet-assistant/issues/78,long_press
https://github.com/cgeo/cgeo/issues/15261,swipe_region
https://github.com/cgeo/cgeo/issues/18437,long_press
https://github.com/cgeo/cgeo/issues/18653,scroll
https://github.com/chat21/chat21-android-demo/issues/12,orientation
https://github.com/chickendude/Natibo/issues/9,orientation
https://github.com/cliuff/boundo/issues/18,scroll
https://github.com/codenameone/CodenameOne/issues/5602,scroll
https://github.com/collinsmith/riiablo/issues/113,quick_tap
https://github.com/collinsmith/riiablo/issues/99,drag_and_drop
https://github.com/crowdin/mobile-sdk-android/issues/220,long_press
https://github.com/ct7ct7ct7/Android-VimeoPlayer/issues/7,orientation
https://github.com/cuore-mm/Slevo/issues/255,scroll
https://github.com/cuore-mm/Slevo/issues/458,scroll
https://github.com/cvzi/ScreenshotTile/issues/395,quick_tap
https://github.com/cvzi/darkmodewallpaper/issues/65,orientation
https://github.com/cymcsg/UltimateRecyclerView/issues/147,swipe
https://github.com/cymcsg/UltimateRecyclerView/issues/466,scroll
https://github.com/czlucius/code-scanner/issues/26,pinch_zoom
https://github.com/czlucius/code-scanner/issues/34,orientation
https://github.com/d4rken-org/airplanes-live-app/issues/121,none
https://github.com/damontecres/StashAppAndroidTV/issues/763,swipe_region
https://github.com/darkokoa/compose-datetime-wheel-picker/issues/106,picker_scroll
https://github.com/darkokoa/compose-datetime-wheel-picker/issues/112,picker_scroll
https://github.com/darkokoa/compose-datetime-wheel-picker/issues/19,picker_scroll
https://github.com/davideas/FlexibleAdapter/issues/605,scroll
https://github.com/davideas/FlexibleAdapter/issues/621,scroll
https://github.com/davideas/FlexibleAdapter/issues/676,long_press
https://github.com/deltachat/deltachat-android/issues/4732,scroll
https://github.com/deltazefiro/Amarok-Hider/issues/270,scroll
https://github.com/dergigi/boris-android/issues/266,drag_and_drop
https://github.com/dhilipmpms/NovaDial/issues/84,swipe_region
https://github.com/dofire/Floating-Bubble-View/issues/50,drag_and_drop
https://github.com/dzikoysk/presence-of-mind/issues/57,drag_and_drop
https://github.com/eddyizm/tempus/issues/1168,scroll
https://github.com/elimu-ai/appstore/issues/108,scroll
https://github.com/elimu-ai/appstore/issues/121,orientation
https://github.com/elimu-ai/appstore/issues/131,scroll
https://github.com/ellenhp/cardinal/issues/82,drag_and_drop
https://github.com/engindearing-projects/OmniTAK-Android/issues/207,orientation
https://github.com/engindearing-projects/OmniTAK-Android/issues/272,orientation
https://github.com/enteraname74/SoulSearching/issues/15,orientation
https://github.com/fcmfcm1999/EdgeX/issues/56,scroll
https://github.com/figonzal1/LastQuakeChile/issues/51,scroll
https://github.com/firemaples/EverTranslator/issues/425,swipe_region
https://github.com/flutter-package/flutter_scan/issues/50,long_press
https://github.com/fm-sys/pairdrop-android/issues/431,long_press
https://github.com/fm-sys/pairdrop-android/issues/435,orientation
https://github.com/forzzzzz/Calculator-You/issues/10,swipe_region
https://github.com/fr3ts0n/AndrOBD/issues/88,orientation
https://github.com/gaiuszzang/GroovinCollapsingToolBar/issues/1,scroll
https://github.com/gentlecat/counter/issues/43,orientation
https://github.com/getActivity/Toaster/issues/142,orientation
https://github.com/goldy1992/Mp3Player/issues/108,swipe
https://github.com/hardcore-sushi/DroidFS/issues/416,scroll
https://github.com/hardcore-sushi/DroidFS/issues/431,orientation
https://github.com/hax0r31337/ProtoHax-Android/issues/48,scroll
https://github.com/heypandax/pairlet/issues/390,scroll
https://github.com/hidroh/materialistic/issues/736,scroll
https://github.com/hidroh/materialistic/issues/861,drag_and_drop
https://github.com/hoppjan/mensa-sh-android/issues/103,swipe
https://github.com/hxreborn/punch-hole-download-progress/issues/102,pinch_zoom
https://github.com/hxreborn/punch-hole-download-progress/issues/50,swipe_region
https://github.com/hxreborn/punch-hole-download-progress/issues/51,swipe_region
https://github.com/icerockdev/moko-media/issues/48,swipe_region
https://github.com/icerockdev/moko-units/issues/60,drag_and_drop
https://github.com/ichenhe/wear-gallery/issues/4,long_press
https://github.com/iknow4x/Android-Video-Trimmer/issues/39,drag_and_drop
https://github.com/inventory69/simple-notes-sync/issues/154,long_press
https://github.com/ionic-team/capacitor-plugins/issues/1446,orientation
https://github.com/ivaniskandar/shouko/issues/41,long_press
https://github.com/j3soon/whisper-to-input/issues/27,quick_tap
https://github.com/jaxparrow07/launchpad-search/issues/16,swipe_region
https://github.com/jcarolus/android-chess/issues/10,orientation
https://github.com/jean-voila/FeurStagram/issues/123,scroll
https://github.com/jean-voila/FeurStagram/issues/128,scroll
https://github.com/jean-voila/FeurStagram/issues/99,long_press
https://github.com/jenly1314/UltraSwipeRefresh/issues/21,swipe
https://github.com/jenly1314/UltraSwipeRefresh/issues/8,swipe
https://github.com/jherkenhoff/qalculate-android/issues/64,quick_tap
https://github.com/joh9911/Transpose/issues/12,drag_and_drop
https://github.com/jordond/drag-select-compose/issues/113,drag_and_drop
https://github.com/jordond/drag-select-compose/issues/44,drag_and_drop
https://github.com/jphp-group/jphp-android/issues/1,orientation
https://github.com/jrpie/launcher/issues/201,orientation
https://github.com/jrpie/launcher/issues/251,drag_and_drop
https://github.com/jrpie/launcher/issues/280,long_press
https://github.com/jrpie/launcher/issues/77,swipe_region
https://github.com/kaaass/ZerotierFix/issues/10,swipe
https://github.com/kb-1000/android-torchlight/issues/11,orientation
https://github.com/leinardi/FloatingActionButtonSpeedDial/issues/139,orientation
https://github.com/ltguillaume/droidshows/issues/107,swipe
https://github.com/maltaisn/another-notes-app/issues/105,scroll
https://github.com/markmcavoy/androidtoken/issues/21,orientation
https://github.com/martinmimigames/little-file-explorer/issues/65,long_press
https://github.com/material-components/material-components-android/issues/4978,swipe_region
https://github.com/maxwai/NClientV3/issues/164,scroll
https://github.com/metabrainz/listenbrainz-android/issues/740,orientation
https://github.com/michael-rapp/ChromeLikeTabSwitcher/issues/3,orientation
https://github.com/miguelhincapie/CustomBottomSheetBehavior/issues/30,quick_tap
https://github.com/miguelhincapie/CustomBottomSheetBehavior/issues/50,scroll
https://github.com/miguelhincapie/CustomBottomSheetBehavior/issues/68,swipe_region
https://github.com/mkulesh/microMathematics/issues/150,long_press
https://github.com/mlm-games/flicky/issues/28,scroll
https://github.com/mori-atsushi/katalog/issues/19,scroll
https://github.com/mpiannucci/react-native-context-menu-view/issues/24,long_press
https://github.com/mueller-ma/TabletopTools/issues/284,swipe_region
https://github.com/mvmike/min-cal-widget/issues/201,drag_and_drop
https://github.com/mvmike/min-cal-widget/issues/58,none
https://github.com/mysteriumnetwork/mysterium-vpn-mobile/issues/404,quick_tap
https://github.com/mzlogin/guanggoo-android/issues/41,swipe
https://github.com/nanihadesuka/LazyColumnScrollbar/issues/38,swipe_region
https://github.com/nanihadesuka/LazyColumnScrollbar/issues/42,orientation
https://github.com/nanihadesuka/NovelDokusha/issues/132,scroll
https://github.com/noties/Markwon/issues/41,long_press
https://github.com/noties/Scrollable/issues/35,scroll
https://github.com/noties/Scrollable/issues/59,scroll
https://github.com/osudroid/osu-droid/issues/418,swipe_region
https://github.com/pacien/tincapp/issues/118,orientation
https://github.com/patzly/grocy-android/issues/913,long_press
https://github.com/pilot51/voicenotify/issues/172,unclear
https://github.com/pkmetski/riffle/issues/428,long_press
https://github.com/pwittchen/ReactiveNetwork/issues/87,orientation
https://github.com/qpst4/XGesture/issues/11,quick_tap
https://github.com/qpst4/XGesture/issues/12,scroll
https://github.com/quaap/LaunchTime/issues/19,drag_and_drop
https://github.com/qwq233/Nullgram/issues/342,long_press
https://github.com/r0adkll/Campfire/issues/1133,orientation
https://github.com/r0adkll/DeckBox/issues/101,quick_tap
https://github.com/r0adkll/DeckBox/issues/102,scroll
https://github.com/rama-io/mako/issues/142,double_tap
https://github.com/react-native-share/react-native-share/issues/1747,swipe
https://github.com/rubensousa/DpadRecyclerView/issues/153,unclear
https://github.com/rubensousa/DpadRecyclerView/issues/160,scroll
https://github.com/rubensousa/DpadRecyclerView/issues/171,scroll
https://github.com/rubensousa/GravitySnapHelper/issues/40,scroll
https://github.com/rubensousa/GravitySnapHelper/issues/49,scroll
https://github.com/screenlite/android-web-kiosk/issues/10,pinch_zoom
https://github.com/scwang90/SmartRefreshLayout/issues/1112,swipe
https://github.com/seaglade/Sobriety/issues/35,orientation
https://github.com/sfortis/massdroid_native/issues/39,orientation
https://github.com/siper/Youamp/issues/410,scroll
https://github.com/sk2andy/candy-browser/issues/235,orientation
https://github.com/sk2andy/candy-browser/issues/265,scroll
https://github.com/sk2andy/candy-browser/issues/271,scroll
https://github.com/sk2andy/candy-browser/issues/275,scroll
https://github.com/slapperwan/gh4a/issues/782,swipe_region
https://github.com/smite1921/enigma-machine/issues/17,scroll
https://github.com/soumikshah/Plutus-InvestmentTracker/issues/25,long_press
https://github.com/soupslurpr/BeauTyXT/issues/47,swipe
https://github.com/sreichholf/dreamDroid/issues/113,orientation
https://github.com/stefan-niedermann/nextcloud-tables/issues/182,scroll
https://github.com/stefan-niedermann/nextcloud-tables/issues/272,scroll
https://github.com/steve1316/uma-android-automation/issues/354,scroll
https://github.com/stipop-development/stipop-android-sdk/issues/9,drag_and_drop
https://github.com/stoatchat/for-android/issues/17,quick_tap
https://github.com/stoatchat/for-android/issues/21,swipe
https://github.com/subchannel13/EnchantedFortress/issues/50,orientation
https://github.com/sureshfizzy/JellyCine/issues/46,swipe_region
https://github.com/syanbo/react-native-syan-image-picker/issues/103,drag_and_drop
https://github.com/synyx/MeeRoo/issues/35,orientation
https://github.com/teccheck/FastLyrics/issues/23,swipe_region
https://github.com/thecosmicfrog/LuasataGlance/issues/6,orientation
https://github.com/tigerduck-app/tigerduck-app-android/issues/64,drag_and_drop
https://github.com/timbru31/cordova-plugin-lottie-splashscreen/issues/4,orientation
https://github.com/timusus/Shuttle2/issues/907,swipe_region
https://github.com/troyzhxu/okhttps/issues/59,quick_tap
https://github.com/ukanth/afwall/issues/1451,swipe
https://github.com/vatsalkesarwani12/Heal-O-Chat/issues/49,scroll
https://github.com/vivchar/RendererRecyclerViewAdapter/issues/15,scroll
https://github.com/vivchar/RendererRecyclerViewAdapter/issues/19,swipe
https://github.com/vrcm-team/VRCM/issues/58,orientation
https://github.com/warting/android-signaturepad/issues/208,swipe
https://github.com/wasi-master/wmkeyboard/issues/551,long_press
https://github.com/wbrawner/SimpleMarkdown/issues/159,orientation
https://github.com/wthee/pcr-tool/issues/130,scroll
https://github.com/xgouchet/Stanley/issues/5,quick_tap
https://github.com/xuexiangjys/XUI/issues/123,scroll
https://github.com/yarolegovich/DiscreteScrollView/issues/159,scroll
https://github.com/yuga-hashimoto/openclaw-assistant/issues/165,long_press
https://github.com/yuliskov/SmartTube/issues/6294,long_press
https://github.com/yuyakaido/CardStackView/issues/114,swipe
https://github.com/yuyakaido/CardStackView/issues/228,swipe
https://github.com/yuyakaido/CardStackView/issues/36,drag_and_drop
https://github.com/AOF-Dev/MCinaBox/issues/1179,none
https://github.com/AetherMagee/MaterialXray/issues/18,none
https://github.com/AniTrend/android-emojify/issues/189,none
https://github.com/AyushAgnihotri2025/Calculator/issues/34,none
https://github.com/BatchLabs/Batch-Android-SDK/issues/20,none
https://github.com/ByteSculptor07/QuilloNotes/issues/3,none
https://github.com/CatimaLoyalty/Android/issues/3347,none
https://github.com/CityZenApp/AndroidApp/issues/90,none
https://github.com/Codename-11/hermes-relay/issues/632,none
https://github.com/Codename-11/hermes-relay/issues/639,none
https://github.com/Crazy-Marvin/FucksGiven/issues/149,none
https://github.com/Crazy-Marvin/ToDont/issues/44,none
https://github.com/DatL4g/Mimasu-Extension/issues/76,none
https://github.com/DevCom-IITB/instiapp-android/issues/202,none
https://github.com/Elnix90/Dragon-Launcher/issues/448,none
https://github.com/EmmaTellblom/Mensinator/issues/276,none
https://github.com/FredHappyface/Android.EweSticker/issues/22,unclear
https://github.com/Funput/Funput/issues/455,none
https://github.com/Hamza417/Felicity/issues/55,none
https://github.com/Hamza417/Felicity/issues/90,unclear
https://github.com/HenriDellal/emerald/issues/66,none
https://github.com/Ivorisnoob/Koda/issues/293,none
https://github.com/JaiminPatel345/AuraOrbit/issues/25,none
https://github.com/Kalbra/NoReel/issues/23,none
https://github.com/LanRhyme/ReveriePaint/issues/47,none
https://github.com/LiveFastEatTrashRaccoon/RaccoonForLemmy/issues/491,none
https://github.com/MartinStyk/apk-analyzer/issues/234,none
https://github.com/PVOT-OSS/Messages/issues/106,none
https://github.com/RandomCoderOrg/udroid-app/issues/23,none
https://github.com/Shipr-Hub/Shipr-Community-Android/issues/34,none
https://github.com/Shopify/checkout-sheet-kit-android/issues/554,none
https://github.com/Sketchware-Pro/Sketchware-Pro/issues/1975,none
https://github.com/SkillPanel/jfairy/issues/170,none
https://github.com/Text-Mining/android-app/issues/1,none
https://github.com/UstadMobile/UstadMobile/issues/1112,none
https://github.com/X1nto/Mauth/issues/51,none
https://github.com/YangDai2003/Kori/issues/26,none
https://github.com/Yet-Zio/yetCalc/issues/145,none
https://github.com/alexvasilkov/GestureViews/issues/136,none
https://github.com/anlaki-py/akihz/issues/11,none
https://github.com/appium/java-client/issues/2198,none
https://github.com/appwrite/sdk-for-android/issues/60,none
https://github.com/art-institute-of-chicago/aic-mobile-android/issues/364,none
https://github.com/btimofeev/instead-launcher-android/issues/15,none
https://github.com/camellia2077/FlipBits/issues/3,none
https://github.com/cloud-emoticon/cloudemoticon-android/issues/7,unclear
https://github.com/crossbario/autobahn-java/issues/265,none
https://github.com/crowdin/android-studio-plugin/issues/147,none
https://github.com/crowdin/mobile-sdk-android/issues/284,none
https://github.com/cymcsg/UltimateRecyclerView/issues/129,none
https://github.com/deprec8/EnigmaDroid/issues/45,none
https://github.com/divvun/giellakbd-android/issues/36,none
https://github.com/elimu-ai/appstore/issues/155,unclear
https://github.com/esoxjem/MovieGuide/issues/96,none
https://github.com/ferranpons/Llamatik/issues/113,none
https://github.com/firemaples/EverTranslator/issues/297,none
https://github.com/fr3ts0n/AndrOBD/issues/67,none
https://github.com/getActivity/MultiLanguages/issues/60,none
https://github.com/hxreborn/cleanshare/issues/72,unclear
https://github.com/infinum/android-collar/issues/28,none
https://github.com/ismoy/ImagePickerKMP/issues/3,none
https://github.com/itsdrnoob/DataMonitor/issues/196,none
https://github.com/jahirfiquitiva/Kuper/issues/64,none
https://github.com/jeluchu/whatsapp-stickers-online/issues/1,none
https://github.com/jenly1314/UltraSwipeRefresh/issues/4,none
https://github.com/jonathanpalma/react-native-tesseract-ocr/issues/142,none
https://github.com/koral--/android-gif-drawable/issues/600,none
https://github.com/kuraydev/react-native-header-view/issues/17,none
https://github.com/launchdarkly/android-client-sdk/issues/80,none
https://github.com/leon-cleaning-services/leon/issues/186,none
https://github.com/ligi/gobandroid/issues/69,none
https://github.com/mendhak/gpslogger/issues/639,none
https://github.com/mh-/corona-warn-companion-android/issues/131,none
https://github.com/microg/GmsCore/issues/3850,none
https://github.com/midhunhk/message-counter/issues/33,none
https://github.com/misa198/airmedy/issues/102,none
https://github.com/moallemi/Film-Time/issues/71,none
https://github.com/moneytoo/Player/issues/31,none
https://github.com/moneytoo/Player/issues/571,none
https://github.com/naver/nam-sdk-android/issues/15,none
https://github.com/patzly/grocy-android/issues/858,none
https://github.com/proyecto26/react-native-inappbrowser/issues/284,none
https://github.com/proyecto26/react-native-inappbrowser/issues/96,none
https://github.com/react-native-webrtc/react-native-callkeep/issues/152,none
https://github.com/rinchao0721/Melodia/issues/35,none
https://github.com/ritesh-kanwar/Cashiro/issues/166,none
https://github.com/robolectric/robolectric/issues/2791,none
https://github.com/robolectric/robolectric/issues/3202,none
https://github.com/saad2134/dosezy/issues/61,none
https://github.com/siper/Youamp/issues/393,none
https://github.com/thesabareesh/protrip/issues/5,none
https://github.com/tribixbite/CleverKeys/issues/188,none
https://github.com/vishaltelangre/NerdCalci/issues/186,none
https://github.com/wagenknecht/backloggd-android-app/issues/8,none
https://github.com/wbrawner/SimpleMarkdown/issues/42,none
https://github.com/willowtreeapps/vocable-android/issues/384,none
https://github.com/xLexip/Adaptive-Theme/issues/96,none
https://github.com/xoureldeen/Vectras-VM-Android/issues/600,none
https://github.com/yellowbluesky/PixivforMuzei3/issues/157,none
https://github.com/yuyakaido/CardStackView/issues/214,none
