new_path	original_filename
Dataset/ReBL_Full_Dataset/crash/alexstojda_soen390_36/carbon_log.txt	20260926_230208_875.log
Dataset/ReBL_Full_Dataset/crash/alexstyl_Memento-Calendar_169/carbon_log.txt	20260926_221505_407.log
Dataset/ReBL_Full_Dataset/crash/andOTP_andOTP_135/carbon_log.txt	20260926_223731_426.log
Dataset/ReBL_Full_Dataset/crash/andOTP_andOTP_500/carbon_log.txt	20260926_220607_431.log
Dataset/ReBL_Full_Dataset/crash/andOTP_andOTP_569/carbon_log.txt	20260926_223719_109.log
Dataset/ReBL_Full_Dataset/crash/ankidroid_Anki-Android_4586/carbon_log.txt	20260927_023534_811.log
Dataset/ReBL_Full_Dataset/crash/ankidroid_Anki-Android_5638/carbon_log.txt	20260928_000410_288.log
Dataset/ReBL_Full_Dataset/crash/ankidroid_Anki-Android_6432/logs/20260926_220929_344.log	20260926_220929_344.log
Dataset/ReBL_Full_Dataset/crash/ankidroid_Anki-Android_6432/carbon_log.txt	20260927_062806_255.log
Dataset/ReBL_Full_Dataset/crash/AntennaPod_AntennaPod_3245/carbon_log.txt	20260926_220836_486.log
Dataset/ReBL_Full_Dataset/crash/ASU-CodeDevils_FlashCards_13/carbon_log.txt	20260926_221319_054.log
Dataset/ReBL_Full_Dataset/crash/banderlabs_notepad_23/carbon_log.txt	20260926_222113_948.log
Dataset/ReBL_Full_Dataset/crash/beemdevelopment_Aegis_500/carbon_log.txt	20260926_223601_425.log
Dataset/ReBL_Full_Dataset/crash/brodeurlv_fastnfitness_142/carbon_log.txt	20260927_032646_337.log
Dataset/ReBL_Full_Dataset/crash/CellularPrivacy_Android-IMSI-Catcher-Detector_816/carbon_log.txt	20260926_220726_202.log
Dataset/ReBL_Full_Dataset/crash/citiususc_calendula_134/carbon_log.txt	20260927_004031_684.log
Dataset/ReBL_Full_Dataset/crash/cohenadair_anglers-log_9/carbon_log.txt	20260926_224833_122.log
Dataset/ReBL_Full_Dataset/crash/commons-app_apps-android-commons_2123/carbon_log.txt	20260927_034542_074.log
Dataset/ReBL_Full_Dataset/crash/dozingcat_AsciiCam_17/carbon_log.txt	20260926_224628_631.log
Dataset/ReBL_Full_Dataset/crash/fdroid_fdroidclient_1821/carbon_log.txt	20260926_221700_841.log
Dataset/ReBL_Full_Dataset/crash/gauravjot_android-noad-music-player_1/carbon_log.txt	20260926_224402_330.log
Dataset/ReBL_Full_Dataset/crash/getodk_collect_1402/carbon_log.txt	20260926_225824_478.log
Dataset/ReBL_Full_Dataset/crash/getodk_collect_1796/carbon_log.txt	20260927_032820_981.log
Dataset/ReBL_Full_Dataset/crash/getodk_collect_2075/carbon_log.txt	20260926_222220_118.log
Dataset/ReBL_Full_Dataset/crash/getodk_collect_2086/carbon_log.txt	20260926_222818_686.log
Dataset/ReBL_Full_Dataset/crash/getodk_collect_2191/carbon_log.txt	20260926_231435_208.log
Dataset/ReBL_Full_Dataset/crash/getodk_collect_2525/carbon_log.txt	20260927_032024_341.log
Dataset/ReBL_Full_Dataset/crash/getodk_collect_3222/carbon_log.txt	20260926_225650_095.log
Dataset/ReBL_Full_Dataset/crash/getodk_collect_360/carbon_log.txt	20260926_222731_772.log
Dataset/ReBL_Full_Dataset/crash/gsantner_markor_1698/carbon_log.txt	20260927_042606_580.log
Dataset/ReBL_Full_Dataset/crash/gsantner_markor_194/carbon_log.txt	20260926_230922_306.log
Dataset/ReBL_Full_Dataset/crash/helloworld1_AnyMemo_18/carbon_log.txt	20260926_223902_259.log
Dataset/ReBL_Full_Dataset/crash/helloworld1_AnyMemo_422/carbon_log.txt	20260926_220948_198.log
Dataset/ReBL_Full_Dataset/crash/helloworld1_AnyMemo_440/carbon_log.txt	20260926_223957_457.log
Dataset/ReBL_Full_Dataset/crash/hidroh_materialistic_1067/carbon_log.txt	20260928_000430_053.log
Dataset/ReBL_Full_Dataset/crash/javacafe01_PdfViewer_33/carbon_log.txt	20260926_234525_163.log
Dataset/ReBL_Full_Dataset/crash/k3b_APhotoManager_116/carbon_log.txt	20260926_221109_047.log
Dataset/ReBL_Full_Dataset/crash/kiwix_kiwix-android_990/carbon_log.txt	20260927_023440_323.log
Dataset/ReBL_Full_Dataset/crash/koelleChristian_trickytripper_42/carbon_log.txt	20260926_223219_315.log
Dataset/ReBL_Full_Dataset/crash/lfuelling_lrkFM_44/carbon_log.txt	20260926_222508_862.log
Dataset/ReBL_Full_Dataset/crash/MarcusWolschon_osmeditor4android_637/carbon_log.txt	20260928_000418_597.log
Dataset/ReBL_Full_Dataset/crash/mikepenz_FastAdapter_113/carbon_log.txt	20260927_053313_492.log
Dataset/ReBL_Full_Dataset/crash/mikepenz_FastAdapter_394/carbon_log.txt	20260926_224100_015.log
Dataset/ReBL_Full_Dataset/crash/milesmcc_LibreNews-Android_22/carbon_log.txt	20260926_224202_250.log
Dataset/ReBL_Full_Dataset/crash/milesmcc_LibreNews-Android_23/carbon_log.txt	20260926_221757_092.log
Dataset/ReBL_Full_Dataset/crash/milesmcc_LibreNews-Android_27/carbon_log.txt	20260926_224258_789.log
Dataset/ReBL_Full_Dataset/crash/mkulesh_microMathematics_39/carbon_log.txt	20260926_230854_190.log
Dataset/ReBL_Full_Dataset/crash/moezbhatti_qksms_482/carbon_log.txt	20260926_222351_317.log
Dataset/ReBL_Full_Dataset/crash/moezbhatti_qksms_585/carbon_log.txt	20260926_222956_228.log
Dataset/ReBL_Full_Dataset/crash/moritz-herzog_Trainer-App_7/carbon_log.txt	20260926_234612_578.log
Dataset/ReBL_Full_Dataset/crash/mozilla-mobile_FirefoxLite_5085/carbon_log.txt	20260926_221417_789.log
Dataset/ReBL_Full_Dataset/crash/netmackan_ATimeTracker_10/carbon_log.txt	20260927_012316_761.log
Dataset/ReBL_Full_Dataset/crash/netmackan_ATimeTracker_138/carbon_log.txt	20260926_224909_070.log
Dataset/ReBL_Full_Dataset/crash/netmackan_ATimeTracker_35/carbon_log.txt	20260926_230801_618.log
Dataset/ReBL_Full_Dataset/crash/opensudoku-android_OpenSudoku_173/carbon_log.txt	20260926_223527_672.log
Dataset/ReBL_Full_Dataset/crash/PhenoApps_Field-Book_145/carbon_log.txt	20260927_053253_804.log
Dataset/ReBL_Full_Dataset/crash/PhenoApps_Field-Book_146/carbon_log.txt	20260926_225731_206.log
Dataset/ReBL_Full_Dataset/crash/pires_android-obd-reader_22/carbon_log.txt	20260926_224438_366.log
Dataset/ReBL_Full_Dataset/crash/ramack_ActivityDiary_285/carbon_log.txt	20260926_220651_811.log
Dataset/ReBL_Full_Dataset/crash/rigid_Birthdroid_13/carbon_log.txt	20260926_225110_587.log
Dataset/ReBL_Full_Dataset/crash/robotmedia_droid-comic-viewer_12/carbon_log.txt	20260926_220615_211.log
Dataset/ReBL_Full_Dataset/crash/samuelclay_NewsBlur_1053/carbon_log.txt	20260926_222243_359.log
Dataset/ReBL_Full_Dataset/crash/SecUSo_privacy-friendly-weather_61/carbon_log.txt	20260926_222648_657.log
Dataset/ReBL_Full_Dataset/crash/thunderbird_thunderbird-android_3255/carbon_log.txt	20260926_230337_583.log
Dataset/ReBL_Full_Dataset/crash/ultrasonic_ultrasonic_187/carbon_log.txt	20260926_232326_649.log
Dataset/ReBL_Full_Dataset/crash/vestrel00_android-dagger-butterknife-mvp_46/carbon_log.txt	20260927_003855_309.log
Dataset/ReBL_Full_Dataset/crash/vijai1996_screenrecorder_25/carbon_log.txt	20260927_053520_766.log
Dataset/ReBL_Full_Dataset/crash/vijai1996_screenrecorder_32/carbon_log.txt	20260926_222456_138.log
Dataset/ReBL_Full_Dataset/crash/vishnus_Olam_1/carbon_log.txt	20260926_222306_529.log
Dataset/ReBL_Full_Dataset/crash/vishnus_Olam_2/carbon_log.txt	20260926_224809_552.log
Dataset/ReBL_Full_Dataset/crash/y20k_transistor_149/carbon_log.txt	20260927_034447_373.log
Dataset/ReBL_Full_Dataset/crash/y20k_transistor_63/carbon_log.txt	20260926_222919_022.log
Dataset/ReBL_Full_Dataset/crash/zwieback_FamilyFinance_1/carbon_log.txt	20260927_004736_131.log
Dataset/ReBL_Full_Dataset/non_crash/alexstyl_Memento-Calendar_7/carbon_log.txt	20260926_223101_660.log
Dataset/ReBL_Full_Dataset/non_crash/andOTP_andOTP_567/carbon_log.txt	20260927_003918_676.log
Dataset/ReBL_Full_Dataset/non_crash/andOTP_andOTP_580/carbon_log.txt	20260926_231223_588.log
Dataset/ReBL_Full_Dataset/non_crash/andOTP_andOTP_638/carbon_log.txt	20260926_235037_801.log
Dataset/ReBL_Full_Dataset/non_crash/ankidroid_Anki-Android_5753/carbon_log.txt	20260927_053438_053.log
Dataset/ReBL_Full_Dataset/non_crash/barbeau_gpstest_404/carbon_log.txt	20260926_225958_407.log
Dataset/ReBL_Full_Dataset/non_crash/beemdevelopment_Aegis_287/carbon_log.txt	20260928_000444_334.log
Dataset/ReBL_Full_Dataset/non_crash/beemdevelopment_Aegis_415/carbon_log.txt	20260926_223318_680.log
Dataset/ReBL_Full_Dataset/non_crash/beemdevelopment_Aegis_473/carbon_log.txt	20260926_225205_695.log
Dataset/ReBL_Full_Dataset/non_crash/cohenadair_anglers-log_151/carbon_log.txt	20260926_223717_331.log
Dataset/ReBL_Full_Dataset/non_crash/cohenadair_anglers-log_347/carbon_log.txt	20260926_233159_462.log
Dataset/ReBL_Full_Dataset/non_crash/cohenadair_anglers-log_43/carbon_log.txt	20260926_222802_469.log
Dataset/ReBL_Full_Dataset/non_crash/fr3ts0n_AndrOBD_144/carbon_log.txt	20260926_223002_400.log
Dataset/ReBL_Full_Dataset/non_crash/gsantner_markor_1020/carbon_log.txt	20260926_223957_608.log
Dataset/ReBL_Full_Dataset/non_crash/gsantner_markor_331/carbon_log.txt	20260926_233941_873.log
Dataset/ReBL_Full_Dataset/non_crash/lfuelling_lrkFM_34/carbon_log.txt	20260926_223144_293.log
Dataset/ReBL_Full_Dataset/non_crash/moezbhatti_qksms_1124/carbon_log.txt	20260928_000421_532.log
Dataset/ReBL_Full_Dataset/non_crash/moezbhatti_qksms_1155/carbon_log.txt	20260927_003856_964.log
Dataset/ReBL_Full_Dataset/non_crash/Neamar_KISS_1481/carbon_log.txt	20260927_001419_382.log
Dataset/ReBL_Full_Dataset/non_crash/PhenoApps_Field-Book_137/carbon_log.txt	20260926_223434_501.log
Dataset/ReBL_Full_Dataset/non_crash/Swati4star_Images-to-PDF_154/carbon_log.txt	20260926_231518_575.log
Dataset/ReBL_Full_Dataset/non_crash/thunderbird_thunderbird-android_3971/carbon_log.txt	20260926_235944_034.log
Dataset/ReBL_Full_Dataset/non_crash/VREMSoftwareDevelopment_WiFiAnalyzer_222/carbon_log.txt	20260926_230854_500.log
